foxf1_bin	bmp4_bin	pixel_count
0	0	15
0	1	17
0	2	12
0	3	27
0	4	19
0	5	19
0	6	25
0	7	24
0	8	23
0	9	12
0	10	17
0	11	17
0	12	26
0	13	14
0	14	10
0	15	21
0	16	16
0	17	15
0	18	5
0	19	7
0	20	13
0	21	9
0	22	3
0	23	0
0	24	8
0	25	4
0	26	1
0	27	3
0	28	3
0	29	2
0	30	2
0	31	0
0	32	0
0	33	0
0	34	0
0	35	0
0	36	0
0	37	0
0	38	0
0	39	0
0	40	0
0	41	0
0	42	0
0	43	0
0	44	0
0	45	0
0	46	0
0	47	0
0	48	0
0	49	0
0	50	0
0	51	0
0	52	0
0	53	0
0	54	0
0	55	0
0	56	0
0	57	0
0	58	0
0	59	0
0	60	0
0	61	0
0	62	0
0	63	0
0	64	0
0	65	0
0	66	0
0	67	0
0	68	0
0	69	0
0	70	0
0	71	0
0	72	0
0	73	0
0	74	0
0	75	0
0	76	0
0	77	0
0	78	0
0	79	0
0	80	0
0	81	0
0	82	0
0	83	0
0	84	0
0	85	0
0	86	0
0	87	0
0	88	0
0	89	0
0	90	0
0	91	0
0	92	0
0	93	0
0	94	0
0	95	0
1	0	21
1	1	43
1	2	29
1	3	55
1	4	53
1	5	45
1	6	78
1	7	47
1	8	57
1	9	56
1	10	82
1	11	60
1	12	55
1	13	65
1	14	54
1	15	55
1	16	72
1	17	58
1	18	38
1	19	47
1	20	25
1	21	24
1	22	24
1	23	23
1	24	14
1	25	14
1	26	8
1	27	9
1	28	7
1	29	5
1	30	1
1	31	0
1	32	1
1	33	2
1	34	1
1	35	0
1	36	0
1	37	0
1	38	0
1	39	0
1	40	0
1	41	0
1	42	0
1	43	0
1	44	0
1	45	0
1	46	0
1	47	0
1	48	0
1	49	0
1	50	0
1	51	0
1	52	0
1	53	0
1	54	0
1	55	0
1	56	0
1	57	0
1	58	0
1	59	0
1	60	0
1	61	0
1	62	0
1	63	0
1	64	0
1	65	0
1	66	0
1	67	0
1	68	0
1	69	0
1	70	0
1	71	0
1	72	0
1	73	0
1	74	0
1	75	0
1	76	0
1	77	0
1	78	0
1	79	0
1	80	0
1	81	0
1	82	0
1	83	0
1	84	0
1	85	0
1	86	0
1	87	0
1	88	0
1	89	0
1	90	0
1	91	0
1	92	0
1	93	0
1	94	0
1	95	0
2	0	57
2	1	45
2	2	82
2	3	95
2	4	102
2	5	123
2	6	154
2	7	151
2	8	159
2	9	163
2	10	203
2	11	165
2	12	160
2	13	203
2	14	183
2	15	149
2	16	158
2	17	166
2	18	158
2	19	131
2	20	108
2	21	88
2	22	62
2	23	73
2	24	56
2	25	45
2	26	25
2	27	30
2	28	29
2	29	16
2	30	19
2	31	8
2	32	2
2	33	3
2	34	2
2	35	2
2	36	1
2	37	0
2	38	0
2	39	0
2	40	1
2	41	1
2	42	0
2	43	0
2	44	0
2	45	0
2	46	1
2	47	0
2	48	0
2	49	0
2	50	0
2	51	0
2	52	0
2	53	0
2	54	0
2	55	0
2	56	0
2	57	0
2	58	0
2	59	0
2	60	0
2	61	0
2	62	0
2	63	0
2	64	0
2	65	0
2	66	0
2	67	0
2	68	0
2	69	0
2	70	0
2	71	0
2	72	0
2	73	0
2	74	0
2	75	0
2	76	0
2	77	0
2	78	0
2	79	0
2	80	0
2	81	0
2	82	0
2	83	0
2	84	0
2	85	0
2	86	0
2	87	0
2	88	0
2	89	0
2	90	0
2	91	0
2	92	0
2	93	0
2	94	0
2	95	0
3	0	87
3	1	114
3	2	141
3	3	184
3	4	174
3	5	245
3	6	290
3	7	299
3	8	317
3	9	366
3	10	447
3	11	432
3	12	435
3	13	478
3	14	458
3	15	403
3	16	384
3	17	436
3	18	383
3	19	356
3	20	373
3	21	223
3	22	217
3	23	212
3	24	181
3	25	135
3	26	110
3	27	87
3	28	75
3	29	39
3	30	45
3	31	28
3	32	23
3	33	12
3	34	7
3	35	7
3	36	6
3	37	6
3	38	0
3	39	0
3	40	0
3	41	0
3	42	0
3	43	0
3	44	0
3	45	0
3	46	0
3	47	0
3	48	0
3	49	0
3	50	0
3	51	0
3	52	0
3	53	0
3	54	0
3	55	0
3	56	0
3	57	0
3	58	0
3	59	0
3	60	0
3	61	0
3	62	0
3	63	0
3	64	0
3	65	0
3	66	0
3	67	0
3	68	0
3	69	0
3	70	0
3	71	0
3	72	0
3	73	0
3	74	0
3	75	0
3	76	0
3	77	0
3	78	0
3	79	0
3	80	0
3	81	0
3	82	0
3	83	0
3	84	0
3	85	0
3	86	0
3	87	0
3	88	0
3	89	0
3	90	0
3	91	0
3	92	0
3	93	0
3	94	0
3	95	0
4	0	151
4	1	164
4	2	228
4	3	283
4	4	361
4	5	433
4	6	604
4	7	585
4	8	621
4	9	773
4	10	952
4	11	931
4	12	941
4	13	1109
4	14	988
4	15	955
4	16	990
4	17	1039
4	18	938
4	19	859
4	20	874
4	21	657
4	22	614
4	23	553
4	24	489
4	25	373
4	26	317
4	27	268
4	28	206
4	29	165
4	30	140
4	31	87
4	32	53
4	33	37
4	34	24
4	35	19
4	36	12
4	37	6
4	38	7
4	39	8
4	40	3
4	41	2
4	42	0
4	43	1
4	44	1
4	45	0
4	46	0
4	47	0
4	48	0
4	49	0
4	50	0
4	51	0
4	52	0
4	53	0
4	54	0
4	55	0
4	56	0
4	57	0
4	58	0
4	59	0
4	60	0
4	61	0
4	62	0
4	63	0
4	64	0
4	65	0
4	66	0
4	67	0
4	68	0
4	69	0
4	70	0
4	71	0
4	72	0
4	73	0
4	74	0
4	75	0
4	76	0
4	77	0
4	78	0
4	79	0
4	80	0
4	81	0
4	82	0
4	83	0
4	84	0
4	85	0
4	86	0
4	87	0
4	88	0
4	89	0
4	90	0
4	91	0
4	92	0
4	93	0
4	94	0
4	95	0
5	0	246
5	1	267
5	2	368
5	3	561
5	4	593
5	5	735
5	6	1013
5	7	1068
5	8	1151
5	9	1413
5	10	1807
5	11	1743
5	12	1878
5	13	2206
5	14	2029
5	15	2089
5	16	2064
5	17	2297
5	18	1999
5	19	1854
5	20	1926
5	21	1576
5	22	1471
5	23	1166
5	24	1245
5	25	911
5	26	698
5	27	677
5	28	471
5	29	383
5	30	331
5	31	236
5	32	176
5	33	134
5	34	86
5	35	55
5	36	33
5	37	39
5	38	16
5	39	14
5	40	9
5	41	10
5	42	3
5	43	1
5	44	1
5	45	1
5	46	0
5	47	0
5	48	0
5	49	0
5	50	0
5	51	0
5	52	0
5	53	0
5	54	0
5	55	0
5	56	0
5	57	0
5	58	0
5	59	0
5	60	0
5	61	0
5	62	0
5	63	0
5	64	0
5	65	0
5	66	0
5	67	0
5	68	0
5	69	0
5	70	0
5	71	0
5	72	0
5	73	0
5	74	0
5	75	0
5	76	0
5	77	0
5	78	0
5	79	0
5	80	0
5	81	0
5	82	0
5	83	0
5	84	0
5	85	0
5	86	0
5	87	0
5	88	0
5	89	0
5	90	0
5	91	0
5	92	0
5	93	0
5	94	0
5	95	0
6	0	282
6	1	333
6	2	429
6	3	693
6	4	842
6	5	1000
6	6	1417
6	7	1528
6	8	1849
6	9	2133
6	10	2688
6	11	2683
6	12	2937
6	13	3705
6	14	3364
6	15	3551
6	16	3671
6	17	4014
6	18	3495
6	19	3497
6	20	3532
6	21	2935
6	22	2653
6	23	2366
6	24	2423
6	25	1745
6	26	1468
6	27	1414
6	28	1006
6	29	805
6	30	727
6	31	483
6	32	333
6	33	258
6	34	211
6	35	128
6	36	83
6	37	63
6	38	44
6	39	28
6	40	21
6	41	10
6	42	10
6	43	2
6	44	4
6	45	2
6	46	1
6	47	1
6	48	1
6	49	0
6	50	0
6	51	0
6	52	0
6	53	0
6	54	0
6	55	0
6	56	0
6	57	0
6	58	0
6	59	0
6	60	0
6	61	0
6	62	0
6	63	0
6	64	0
6	65	0
6	66	0
6	67	0
6	68	0
6	69	0
6	70	0
6	71	0
6	72	0
6	73	0
6	74	0
6	75	0
6	76	0
6	77	0
6	78	0
6	79	0
6	80	0
6	81	0
6	82	0
6	83	0
6	84	0
6	85	0
6	86	0
6	87	0
6	88	0
6	89	0
6	90	0
6	91	0
6	92	0
6	93	0
6	94	0
6	95	0
7	0	334
7	1	417
7	2	587
7	3	862
7	4	1070
7	5	1335
7	6	1900
7	7	2083
7	8	2596
7	9	3108
7	10	4109
7	11	4085
7	12	4617
7	13	5771
7	14	5469
7	15	5611
7	16	5803
7	17	6826
7	18	5898
7	19	5791
7	20	6173
7	21	5183
7	22	4814
7	23	4357
7	24	4433
7	25	3347
7	26	2913
7	27	2643
7	28	1956
7	29	1643
7	30	1428
7	31	945
7	32	738
7	33	609
7	34	492
7	35	304
7	36	210
7	37	162
7	38	98
7	39	88
7	40	38
7	41	25
7	42	22
7	43	16
7	44	11
7	45	3
7	46	1
7	47	1
7	48	2
7	49	1
7	50	1
7	51	0
7	52	0
7	53	0
7	54	0
7	55	0
7	56	0
7	57	0
7	58	0
7	59	0
7	60	0
7	61	0
7	62	0
7	63	0
7	64	0
7	65	0
7	66	0
7	67	0
7	68	0
7	69	0
7	70	0
7	71	0
7	72	0
7	73	0
7	74	0
7	75	0
7	76	0
7	77	0
7	78	0
7	79	0
7	80	0
7	81	0
7	82	0
7	83	0
7	84	0
7	85	0
7	86	0
7	87	0
7	88	0
7	89	0
7	90	0
7	91	0
7	92	0
7	93	0
7	94	0
7	95	0
8	0	351
8	1	433
8	2	668
8	3	977
8	4	1197
8	5	1502
8	6	2236
8	7	2513
8	8	3219
8	9	3712
8	10	5123
8	11	5114
8	12	5828
8	13	7566
8	14	7358
8	15	7688
8	16	8084
8	17	9745
8	18	8407
8	19	8316
8	20	9444
8	21	7790
8	22	7471
8	23	6724
8	24	6994
8	25	5350
8	26	4810
8	27	4522
8	28	3326
8	29	2678
8	30	2475
8	31	1745
8	32	1365
8	33	1043
8	34	912
8	35	558
8	36	431
8	37	349
8	38	190
8	39	137
8	40	111
8	41	69
8	42	47
8	43	25
8	44	7
8	45	9
8	46	7
8	47	2
8	48	3
8	49	1
8	50	2
8	51	0
8	52	1
8	53	0
8	54	0
8	55	0
8	56	0
8	57	0
8	58	0
8	59	0
8	60	0
8	61	1
8	62	0
8	63	0
8	64	0
8	65	0
8	66	0
8	67	0
8	68	0
8	69	0
8	70	0
8	71	0
8	72	0
8	73	0
8	74	0
8	75	0
8	76	0
8	77	0
8	78	0
8	79	0
8	80	0
8	81	0
8	82	0
8	83	0
8	84	0
8	85	0
8	86	0
8	87	0
8	88	0
8	89	0
8	90	0
8	91	0
8	92	0
8	93	0
8	94	0
8	95	0
9	0	327
9	1	394
9	2	616
9	3	969
9	4	1175
9	5	1600
9	6	2324
9	7	2651
9	8	3153
9	9	3953
9	10	5624
9	11	5747
9	12	6651
9	13	8704
9	14	8661
9	15	9303
9	16	9752
9	17	11620
9	18	10629
9	19	10787
9	20	12403
9	21	10193
9	22	9840
9	23	9388
9	24	9815
9	25	7624
9	26	6737
9	27	6428
9	28	4923
9	29	4107
9	30	3895
9	31	2741
9	32	2221
9	33	1726
9	34	1454
9	35	944
9	36	723
9	37	606
9	38	342
9	39	240
9	40	173
9	41	124
9	42	61
9	43	47
9	44	41
9	45	23
9	46	14
9	47	10
9	48	6
9	49	2
9	50	1
9	51	1
9	52	1
9	53	1
9	54	0
9	55	0
9	56	1
9	57	0
9	58	0
9	59	0
9	60	0
9	61	0
9	62	0
9	63	0
9	64	0
9	65	0
9	66	0
9	67	0
9	68	0
9	69	0
9	70	0
9	71	0
9	72	0
9	73	0
9	74	0
9	75	0
9	76	0
9	77	0
9	78	0
9	79	0
9	80	0
9	81	0
9	82	0
9	83	0
9	84	0
9	85	0
9	86	0
9	87	0
9	88	0
9	89	0
9	90	0
9	91	0
9	92	0
9	93	0
9	94	0
9	95	0
10	0	271
10	1	390
10	2	529
10	3	900
10	4	1146
10	5	1480
10	6	2343
10	7	2750
10	8	3441
10	9	4204
10	10	5968
10	11	6298
10	12	7493
10	13	9788
10	14	9893
10	15	10806
10	16	11605
10	17	14251
10	18	13192
10	19	13435
10	20	15412
10	21	13367
10	22	12837
10	23	12383
10	24	13376
10	25	10489
10	26	9684
10	27	9820
10	28	7560
10	29	6341
10	30	6045
10	31	4386
10	32	3539
10	33	2783
10	34	2400
10	35	1696
10	36	1251
10	37	1004
10	38	628
10	39	432
10	40	349
10	41	257
10	42	141
10	43	100
10	44	92
10	45	40
10	46	29
10	47	18
10	48	18
10	49	6
10	50	4
10	51	6
10	52	1
10	53	3
10	54	2
10	55	0
10	56	1
10	57	0
10	58	0
10	59	1
10	60	0
10	61	1
10	62	0
10	63	0
10	64	0
10	65	0
10	66	0
10	67	0
10	68	0
10	69	0
10	70	0
10	71	0
10	72	0
10	73	0
10	74	0
10	75	0
10	76	0
10	77	0
10	78	0
10	79	0
10	80	0
10	81	0
10	82	0
10	83	0
10	84	0
10	85	0
10	86	0
10	87	0
10	88	0
10	89	0
10	90	0
10	91	0
10	92	0
10	93	0
10	94	0
10	95	0
11	0	228
11	1	283
11	2	447
11	3	768
11	4	962
11	5	1298
11	6	2046
11	7	2331
11	8	3162
11	9	3878
11	10	5728
11	11	5966
11	12	7262
11	13	10062
11	14	9922
11	15	11129
11	16	12230
11	17	15376
11	18	14532
11	19	15146
11	20	17709
11	21	15855
11	22	15736
11	23	15191
11	24	16562
11	25	13635
11	26	12493
11	27	12949
11	28	9949
11	29	8755
11	30	8420
11	31	6061
11	32	5027
11	33	4049
11	34	3742
11	35	2523
11	36	1978
11	37	1689
11	38	1055
11	39	783
11	40	570
11	41	458
11	42	289
11	43	180
11	44	151
11	45	75
11	46	67
11	47	34
11	48	29
11	49	15
11	50	9
11	51	9
11	52	5
11	53	3
11	54	1
11	55	0
11	56	1
11	57	1
11	58	0
11	59	0
11	60	0
11	61	0
11	62	0
11	63	0
11	64	0
11	65	0
11	66	0
11	67	0
11	68	0
11	69	0
11	70	0
11	71	0
11	72	0
11	73	0
11	74	0
11	75	0
11	76	0
11	77	0
11	78	0
11	79	0
11	80	0
11	81	0
11	82	0
11	83	0
11	84	0
11	85	0
11	86	0
11	87	0
11	88	0
11	89	0
11	90	0
11	91	0
11	92	0
11	93	0
11	94	0
11	95	0
12	0	185
12	1	224
12	2	357
12	3	615
12	4	744
12	5	1049
12	6	1708
12	7	2054
12	8	2626
12	9	3327
12	10	4900
12	11	5391
12	12	6410
12	13	8824
12	14	9161
12	15	10735
12	16	12175
12	17	15057
12	18	14851
12	19	15624
12	20	18623
12	21	16785
12	22	17177
12	23	17011
12	24	18790
12	25	15903
12	26	14687
12	27	15373
12	28	12270
12	29	10886
12	30	10804
12	31	7874
12	32	6747
12	33	5417
12	34	5156
12	35	3561
12	36	2833
12	37	2415
12	38	1630
12	39	1209
12	40	899
12	41	745
12	42	453
12	43	350
12	44	253
12	45	148
12	46	106
12	47	98
12	48	56
12	49	25
12	50	22
12	51	13
12	52	12
12	53	4
12	54	4
12	55	1
12	56	1
12	57	1
12	58	0
12	59	0
12	60	0
12	61	1
12	62	0
12	63	0
12	64	0
12	65	0
12	66	0
12	67	0
12	68	0
12	69	0
12	70	0
12	71	0
12	72	0
12	73	0
12	74	0
12	75	0
12	76	0
12	77	0
12	78	0
12	79	0
12	80	0
12	81	0
12	82	0
12	83	0
12	84	0
12	85	0
12	86	0
12	87	0
12	88	0
12	89	0
12	90	0
12	91	0
12	92	0
12	93	0
12	94	0
12	95	0
13	0	142
13	1	187
13	2	304
13	3	452
13	4	620
13	5	891
13	6	1314
13	7	1758
13	8	2181
13	9	3016
13	10	4527
13	11	4914
13	12	6125
13	13	8589
13	14	9034
13	15	10325
13	16	11833
13	17	15744
13	18	15026
13	19	16492
13	20	20142
13	21	18285
13	22	19217
13	23	19545
13	24	21943
13	25	18515
13	26	17742
13	27	19180
13	28	15398
13	29	13827
13	30	13923
13	31	10403
13	32	9088
13	33	7501
13	34	7146
13	35	5011
13	36	4047
13	37	3742
13	38	2480
13	39	1851
13	40	1408
13	41	1212
13	42	780
13	43	515
13	44	434
13	45	284
13	46	193
13	47	127
13	48	109
13	49	77
13	50	30
13	51	25
13	52	19
13	53	12
13	54	8
13	55	6
13	56	2
13	57	2
13	58	0
13	59	2
13	60	1
13	61	1
13	62	0
13	63	0
13	64	0
13	65	1
13	66	0
13	67	0
13	68	0
13	69	0
13	70	0
13	71	0
13	72	0
13	73	1
13	74	0
13	75	0
13	76	0
13	77	0
13	78	0
13	79	0
13	80	0
13	81	0
13	82	0
13	83	0
13	84	0
13	85	0
13	86	0
13	87	0
13	88	0
13	89	0
13	90	0
13	91	0
13	92	0
13	93	0
13	94	0
13	95	0
14	0	112
14	1	147
14	2	205
14	3	376
14	4	468
14	5	656
14	6	1131
14	7	1407
14	8	1874
14	9	2627
14	10	3785
14	11	4285
14	12	5553
14	13	7640
14	14	8187
14	15	9798
14	16	11285
14	17	14853
14	18	14696
14	19	16396
14	20	20111
14	21	19132
14	22	19766
14	23	20419
14	24	23665
14	25	20382
14	26	19903
14	27	21401
14	28	17594
14	29	16059
14	30	16643
14	31	13112
14	32	11229
14	33	9844
14	34	9335
14	35	6733
14	36	5437
14	37	4947
14	38	3365
14	39	2662
14	40	2030
14	41	1786
14	42	1152
14	43	796
14	44	700
14	45	395
14	46	297
14	47	238
14	48	170
14	49	106
14	50	74
14	51	45
14	52	30
14	53	18
14	54	15
14	55	8
14	56	7
14	57	7
14	58	4
14	59	3
14	60	2
14	61	0
14	62	2
14	63	1
14	64	0
14	65	0
14	66	0
14	67	0
14	68	0
14	69	0
14	70	0
14	71	0
14	72	0
14	73	0
14	74	0
14	75	0
14	76	0
14	77	0
14	78	0
14	79	0
14	80	0
14	81	0
14	82	0
14	83	0
14	84	0
14	85	0
14	86	0
14	87	0
14	88	0
14	89	0
14	90	0
14	91	0
14	92	0
14	93	0
14	94	0
14	95	0
15	0	59
15	1	89
15	2	147
15	3	266
15	4	344
15	5	535
15	6	904
15	7	1152
15	8	1510
15	9	2048
15	10	3216
15	11	3571
15	12	4496
15	13	6602
15	14	6959
15	15	8398
15	16	10136
15	17	13635
15	18	13789
15	19	15100
15	20	19556
15	21	18527
15	22	19419
15	23	20406
15	24	23947
15	25	20689
15	26	20590
15	27	23141
15	28	19270
15	29	17697
15	30	18513
15	31	14480
15	32	12981
15	33	11364
15	34	11161
15	35	7970
15	36	6735
15	37	6437
15	38	4385
15	39	3427
15	40	2663
15	41	2388
15	42	1590
15	43	1169
15	44	1000
15	45	605
15	46	417
15	47	363
15	48	235
15	49	151
15	50	100
15	51	79
15	52	45
15	53	25
15	54	19
15	55	17
15	56	13
15	57	7
15	58	2
15	59	3
15	60	2
15	61	2
15	62	0
15	63	1
15	64	0
15	65	0
15	66	0
15	67	0
15	68	0
15	69	0
15	70	0
15	71	0
15	72	0
15	73	0
15	74	1
15	75	1
15	76	0
15	77	0
15	78	0
15	79	0
15	80	0
15	81	0
15	82	0
15	83	0
15	84	0
15	85	0
15	86	0
15	87	0
15	88	0
15	89	0
15	90	0
15	91	0
15	92	0
15	93	0
15	94	0
15	95	0
16	0	62
16	1	77
16	2	143
16	3	243
16	4	311
16	5	420
16	6	770
16	7	916
16	8	1321
16	9	1718
16	10	2665
16	11	3173
16	12	4057
16	13	6028
16	14	6544
16	15	8075
16	16	9550
16	17	13062
16	18	13212
16	19	15136
16	20	19415
16	21	18648
16	22	19908
16	23	20955
16	24	24830
16	25	22369
16	26	22323
16	27	24739
16	28	21067
16	29	20037
16	30	21349
16	31	17079
16	32	15148
16	33	13674
16	34	13298
16	35	9986
16	36	8634
16	37	8019
16	38	5787
16	39	4746
16	40	3768
16	41	3318
16	42	2328
16	43	1723
16	44	1462
16	45	917
16	46	683
16	47	526
16	48	408
16	49	241
16	50	163
16	51	128
16	52	68
16	53	62
16	54	42
16	55	19
16	56	14
16	57	5
16	58	6
16	59	9
16	60	8
16	61	5
16	62	2
16	63	3
16	64	2
16	65	0
16	66	0
16	67	2
16	68	0
16	69	0
16	70	1
16	71	0
16	72	0
16	73	1
16	74	0
16	75	0
16	76	0
16	77	0
16	78	0
16	79	0
16	80	0
16	81	1
16	82	0
16	83	0
16	84	0
16	85	0
16	86	0
16	87	0
16	88	0
16	89	1
16	90	0
16	91	0
16	92	0
16	93	0
16	94	0
16	95	0
17	0	40
17	1	54
17	2	105
17	3	154
17	4	253
17	5	371
17	6	608
17	7	742
17	8	1043
17	9	1451
17	10	2280
17	11	2728
17	12	3414
17	13	5224
17	14	5856
17	15	7254
17	16	8594
17	17	11631
17	18	12312
17	19	14167
17	20	18389
17	21	17706
17	22	19196
17	23	20690
17	24	24528
17	25	22245
17	26	22456
17	27	25828
17	28	22135
17	29	21097
17	30	22833
17	31	18265
17	32	16762
17	33	15287
17	34	15367
17	35	11656
17	36	10148
17	37	9859
17	38	6952
17	39	5705
17	40	4824
17	41	4243
17	42	2809
17	43	2353
17	44	1987
17	45	1184
17	46	1010
17	47	739
17	48	633
17	49	364
17	50	264
17	51	236
17	52	136
17	53	102
17	54	72
17	55	51
17	56	21
17	57	20
17	58	14
17	59	11
17	60	9
17	61	4
17	62	3
17	63	1
17	64	2
17	65	6
17	66	1
17	67	1
17	68	2
17	69	0
17	70	0
17	71	0
17	72	0
17	73	0
17	74	0
17	75	0
17	76	0
17	77	0
17	78	0
17	79	0
17	80	0
17	81	0
17	82	0
17	83	1
17	84	0
17	85	0
17	86	0
17	87	1
17	88	0
17	89	0
17	90	0
17	91	0
17	92	0
17	93	0
17	94	0
17	95	0
18	0	32
18	1	36
18	2	75
18	3	135
18	4	177
18	5	299
18	6	462
18	7	650
18	8	883
18	9	1171
18	10	1819
18	11	2198
18	12	2912
18	13	4496
18	14	4971
18	15	6417
18	16	7846
18	17	10749
18	18	11150
18	19	12853
18	20	16977
18	21	16564
18	22	18001
18	23	19593
18	24	23752
18	25	21767
18	26	22319
18	27	25676
18	28	22447
18	29	21610
18	30	23899
18	31	19248
18	32	18406
18	33	16524
18	34	17114
18	35	13014
18	36	11529
18	37	11477
18	38	8476
18	39	7043
18	40	5820
18	41	5426
18	42	3827
18	43	2865
18	44	2763
18	45	1848
18	46	1373
18	47	1016
18	48	874
18	49	526
18	50	384
18	51	303
18	52	211
18	53	149
18	54	88
18	55	57
18	56	49
18	57	34
18	58	21
18	59	18
18	60	12
18	61	9
18	62	4
18	63	4
18	64	4
18	65	2
18	66	3
18	67	1
18	68	2
18	69	0
18	70	0
18	71	2
18	72	0
18	73	0
18	74	1
18	75	1
18	76	0
18	77	1
18	78	1
18	79	0
18	80	0
18	81	0
18	82	1
18	83	0
18	84	0
18	85	0
18	86	0
18	87	0
18	88	0
18	89	0
18	90	0
18	91	0
18	92	0
18	93	0
18	94	0
18	95	0
19	0	26
19	1	50
19	2	62
19	3	128
19	4	128
19	5	224
19	6	364
19	7	490
19	8	692
19	9	958
19	10	1574
19	11	1894
19	12	2552
19	13	3725
19	14	4260
19	15	5441
19	16	6578
19	17	9092
19	18	9636
19	19	11393
19	20	14700
19	21	14993
19	22	16621
19	23	17673
19	24	22190
19	25	20417
19	26	20831
19	27	24702
19	28	21682
19	29	21459
19	30	23345
19	31	19876
19	32	18482
19	33	17127
19	34	17903
19	35	13779
19	36	12487
19	37	12506
19	38	9261
19	39	7872
19	40	6570
19	41	6347
19	42	4446
19	43	3617
19	44	3388
19	45	2206
19	46	1738
19	47	1314
19	48	1175
19	49	722
19	50	504
19	51	451
19	52	273
19	53	199
19	54	163
19	55	83
19	56	68
19	57	57
19	58	40
19	59	25
19	60	18
19	61	12
19	62	8
19	63	9
19	64	6
19	65	10
19	66	2
19	67	3
19	68	4
19	69	2
19	70	0
19	71	4
19	72	1
19	73	0
19	74	0
19	75	0
19	76	0
19	77	0
19	78	1
19	79	0
19	80	0
19	81	1
19	82	0
19	83	0
19	84	0
19	85	0
19	86	0
19	87	0
19	88	0
19	89	0
19	90	0
19	91	0
19	92	0
19	93	0
19	94	0
19	95	0
20	0	24
20	1	31
20	2	49
20	3	86
20	4	111
20	5	163
20	6	312
20	7	403
20	8	582
20	9	816
20	10	1359
20	11	1566
20	12	2069
20	13	3321
20	14	3825
20	15	4834
20	16	5966
20	17	8259
20	18	9083
20	19	10426
20	20	13997
20	21	14143
20	22	15805
20	23	17375
20	24	21816
20	25	20488
20	26	21312
20	27	25061
20	28	22253
20	29	22157
20	30	24438
20	31	21154
20	32	20024
20	33	18807
20	34	19597
20	35	15663
20	36	13988
20	37	14144
20	38	10865
20	39	9362
20	40	7976
20	41	7424
20	42	5564
20	43	4670
20	44	4213
20	45	2911
20	46	2361
20	47	1751
20	48	1575
20	49	1017
20	50	759
20	51	660
20	52	400
20	53	299
20	54	255
20	55	145
20	56	111
20	57	81
20	58	49
20	59	30
20	60	27
20	61	22
20	62	9
20	63	6
20	64	8
20	65	7
20	66	3
20	67	3
20	68	1
20	69	1
20	70	3
20	71	2
20	72	3
20	73	2
20	74	1
20	75	1
20	76	0
20	77	0
20	78	0
20	79	0
20	80	0
20	81	1
20	82	0
20	83	0
20	84	0
20	85	0
20	86	0
20	87	1
20	88	0
20	89	0
20	90	0
20	91	0
20	92	0
20	93	0
20	94	0
20	95	0
21	0	12
21	1	19
21	2	41
21	3	84
21	4	98
21	5	136
21	6	256
21	7	366
21	8	479
21	9	680
21	10	1083
21	11	1326
21	12	1811
21	13	2837
21	14	3171
21	15	4109
21	16	5159
21	17	7313
21	18	7824
21	19	9572
21	20	12758
21	21	12966
21	22	14688
21	23	16321
21	24	20575
21	25	19302
21	26	20534
21	27	24471
21	28	21842
21	29	21808
21	30	24722
21	31	21230
21	32	20803
21	33	19146
21	34	20659
21	35	16709
21	36	15276
21	37	15451
21	38	11882
21	39	10367
21	40	9039
21	41	8916
21	42	6396
21	43	5445
21	44	5084
21	45	3601
21	46	2747
21	47	2228
21	48	1960
21	49	1376
21	50	1040
21	51	815
21	52	534
21	53	425
21	54	332
21	55	203
21	56	148
21	57	103
21	58	79
21	59	57
21	60	41
21	61	37
21	62	14
21	63	9
21	64	14
21	65	6
21	66	4
21	67	3
21	68	5
21	69	3
21	70	2
21	71	0
21	72	4
21	73	0
21	74	1
21	75	1
21	76	2
21	77	1
21	78	0
21	79	0
21	80	0
21	81	1
21	82	0
21	83	0
21	84	1
21	85	0
21	86	0
21	87	0
21	88	0
21	89	0
21	90	0
21	91	0
21	92	0
21	93	0
21	94	0
21	95	0
22	0	11
22	1	16
22	2	24
22	3	43
22	4	79
22	5	104
22	6	202
22	7	289
22	8	386
22	9	529
22	10	877
22	11	1041
22	12	1526
22	13	2273
22	14	2725
22	15	3411
22	16	4395
22	17	6469
22	18	6927
22	19	8400
22	20	11136
22	21	11606
22	22	13089
22	23	14823
22	24	18583
22	25	17776
22	26	18953
22	27	22691
22	28	20620
22	29	21369
22	30	24016
22	31	20480
22	32	20151
22	33	19219
22	34	20800
22	35	16542
22	36	15096
22	37	15937
22	38	12446
22	39	10879
22	40	9535
22	41	9504
22	42	6994
22	43	5952
22	44	5582
22	45	4042
22	46	3204
22	47	2616
22	48	2467
22	49	1579
22	50	1240
22	51	1045
22	52	673
22	53	547
22	54	416
22	55	269
22	56	193
22	57	127
22	58	116
22	59	69
22	60	54
22	61	37
22	62	26
22	63	23
22	64	13
22	65	11
22	66	6
22	67	4
22	68	5
22	69	8
22	70	4
22	71	3
22	72	1
22	73	1
22	74	1
22	75	2
22	76	2
22	77	1
22	78	0
22	79	0
22	80	0
22	81	1
22	82	1
22	83	1
22	84	0
22	85	0
22	86	0
22	87	0
22	88	0
22	89	0
22	90	0
22	91	0
22	92	0
22	93	0
22	94	0
22	95	1
23	0	9
23	1	23
23	2	20
23	3	42
23	4	74
23	5	107
23	6	177
23	7	203
23	8	313
23	9	470
23	10	736
23	11	933
23	12	1292
23	13	2020
23	14	2386
23	15	3073
23	16	4097
23	17	5751
23	18	6347
23	19	7472
23	20	10457
23	21	10907
23	22	12454
23	23	14013
23	24	17916
23	25	17572
23	26	18679
23	27	22785
23	28	20650
23	29	21103
23	30	24475
23	31	21087
23	32	20931
23	33	20072
23	34	22058
23	35	17839
23	36	16695
23	37	17446
23	38	13504
23	39	12159
23	40	10832
23	41	10692
23	42	7906
23	43	6822
23	44	6554
23	45	4632
23	46	3898
23	47	3240
23	48	2911
23	49	1952
23	50	1538
23	51	1362
23	52	919
23	53	667
23	54	513
23	55	369
23	56	250
23	57	168
23	58	172
23	59	88
23	60	57
23	61	53
23	62	27
23	63	21
23	64	19
23	65	19
23	66	14
23	67	6
23	68	13
23	69	1
23	70	2
23	71	5
23	72	3
23	73	2
23	74	1
23	75	0
23	76	0
23	77	1
23	78	2
23	79	0
23	80	0
23	81	0
23	82	0
23	83	1
23	84	1
23	85	1
23	86	0
23	87	1
23	88	1
23	89	0
23	90	0
23	91	0
23	92	0
23	93	0
23	94	1
23	95	1
24	0	5
24	1	11
24	2	25
24	3	36
24	4	53
24	5	91
24	6	136
24	7	187
24	8	252
24	9	363
24	10	620
24	11	792
24	12	1070
24	13	1766
24	14	2122
24	15	2651
24	16	3294
24	17	5035
24	18	5404
24	19	6776
24	20	9523
24	21	9724
24	22	11257
24	23	12885
24	24	16587
24	25	16313
24	26	17558
24	27	21366
24	28	19774
24	29	20480
24	30	23796
24	31	20657
24	32	20483
24	33	19906
24	34	21918
24	35	17991
24	36	16808
24	37	17918
24	38	14228
24	39	12710
24	40	11411
24	41	11463
24	42	8812
24	43	7575
24	44	7317
24	45	5429
24	46	4349
24	47	3491
24	48	3414
24	49	2393
24	50	1781
24	51	1563
24	52	1021
24	53	807
24	54	679
24	55	431
24	56	296
24	57	231
24	58	203
24	59	125
24	60	80
24	61	64
24	62	42
24	63	29
24	64	27
24	65	14
24	66	12
24	67	7
24	68	8
24	69	7
24	70	1
24	71	7
24	72	2
24	73	2
24	74	0
24	75	4
24	76	2
24	77	2
24	78	1
24	79	1
24	80	0
24	81	3
24	82	0
24	83	0
24	84	3
24	85	0
24	86	0
24	87	0
24	88	0
24	89	0
24	90	1
24	91	1
24	92	0
24	93	0
24	94	0
24	95	0
25	0	6
25	1	9
25	2	16
25	3	26
25	4	31
25	5	63
25	6	92
25	7	145
25	8	204
25	9	309
25	10	497
25	11	623
25	12	874
25	13	1398
25	14	1658
25	15	2148
25	16	2872
25	17	4173
25	18	4733
25	19	5840
25	20	7992
25	21	8490
25	22	9718
25	23	11280
25	24	14534
25	25	14278
25	26	15667
25	27	19272
25	28	18084
25	29	18831
25	30	22369
25	31	19718
25	32	19279
25	33	19263
25	34	21029
25	35	17541
25	36	16505
25	37	17789
25	38	13920
25	39	12803
25	40	11732
25	41	11657
25	42	9039
25	43	7838
25	44	7661
25	45	5678
25	46	4687
25	47	3878
25	48	3637
25	49	2564
25	50	2044
25	51	1782
25	52	1220
25	53	933
25	54	752
25	55	547
25	56	371
25	57	283
25	58	239
25	59	149
25	60	113
25	61	84
25	62	55
25	63	40
25	64	23
25	65	29
25	66	21
25	67	6
25	68	11
25	69	8
25	70	3
25	71	6
25	72	3
25	73	5
25	74	3
25	75	2
25	76	1
25	77	1
25	78	3
25	79	3
25	80	2
25	81	1
25	82	2
25	83	0
25	84	2
25	85	1
25	86	0
25	87	0
25	88	0
25	89	0
25	90	0
25	91	1
25	92	0
25	93	0
25	94	0
25	95	1
26	0	4
26	1	9
26	2	10
26	3	27
26	4	22
26	5	43
26	6	113
26	7	121
26	8	179
26	9	275
26	10	474
26	11	524
26	12	808
26	13	1209
26	14	1440
26	15	1900
26	16	2542
26	17	3650
26	18	4085
26	19	5037
26	20	7313
26	21	7725
26	22	8984
26	23	10576
26	24	13835
26	25	13475
26	26	15017
26	27	18618
26	28	17548
26	29	18260
26	30	21462
26	31	19202
26	32	19210
26	33	19215
26	34	21323
26	35	18283
26	36	17159
26	37	18555
26	38	14779
26	39	13698
26	40	12470
26	41	12701
26	42	9639
26	43	8557
26	44	8326
26	45	6250
26	46	5213
26	47	4581
26	48	4171
26	49	2984
26	50	2332
26	51	2105
26	52	1400
26	53	1091
26	54	934
26	55	624
26	56	502
26	57	338
26	58	294
26	59	200
26	60	129
26	61	102
26	62	70
26	63	50
26	64	49
26	65	21
26	66	18
26	67	16
26	68	13
26	69	4
26	70	9
26	71	4
26	72	7
26	73	11
26	74	5
26	75	5
26	76	0
26	77	3
26	78	0
26	79	0
26	80	0
26	81	2
26	82	0
26	83	1
26	84	1
26	85	0
26	86	0
26	87	0
26	88	0
26	89	2
26	90	0
26	91	0
26	92	1
26	93	0
26	94	0
26	95	0
27	0	5
27	1	7
27	2	14
27	3	22
27	4	32
27	5	51
27	6	84
27	7	106
27	8	125
27	9	225
27	10	359
27	11	460
27	12	693
27	13	1034
27	14	1260
27	15	1634
27	16	2064
27	17	3214
27	18	3599
27	19	4504
27	20	6377
27	21	6794
27	22	7914
27	23	9291
27	24	12419
27	25	12207
27	26	13525
27	27	17087
27	28	16201
27	29	17166
27	30	20444
27	31	18402
27	32	18715
27	33	18688
27	34	21082
27	35	17848
27	36	17126
27	37	18292
27	38	15096
27	39	13812
27	40	12741
27	41	12795
27	42	10059
27	43	8898
27	44	9042
27	45	6757
27	46	5643
27	47	4908
27	48	4580
27	49	3303
27	50	2818
27	51	2467
27	52	1695
27	53	1273
27	54	1100
27	55	747
27	56	575
27	57	431
27	58	339
27	59	220
27	60	148
27	61	136
27	62	77
27	63	53
27	64	43
27	65	40
27	66	21
27	67	14
27	68	22
27	69	10
27	70	10
27	71	6
27	72	10
27	73	3
27	74	2
27	75	7
27	76	3
27	77	4
27	78	3
27	79	1
27	80	1
27	81	1
27	82	2
27	83	2
27	84	1
27	85	0
27	86	2
27	87	1
27	88	4
27	89	0
27	90	0
27	91	1
27	92	0
27	93	2
27	94	0
27	95	0
28	0	5
28	1	3
28	2	10
28	3	14
28	4	24
28	5	26
28	6	80
28	7	96
28	8	118
28	9	187
28	10	295
28	11	411
28	12	519
28	13	798
28	14	967
28	15	1403
28	16	1772
28	17	2733
28	18	3046
28	19	3781
28	20	5340
28	21	5620
28	22	6811
28	23	8073
28	24	10593
28	25	10509
28	26	11986
28	27	15022
28	28	14490
28	29	15386
28	30	18696
28	31	16868
28	32	17167
28	33	17162
28	34	19376
28	35	16542
28	36	16141
28	37	17582
28	38	14458
28	39	13425
28	40	12332
28	41	12761
28	42	10090
28	43	8911
28	44	9125
28	45	6730
28	46	5816
28	47	4937
28	48	4747
28	49	3568
28	50	2822
28	51	2574
28	52	1830
28	53	1345
28	54	1343
28	55	899
28	56	640
28	57	467
28	58	452
28	59	250
28	60	197
28	61	160
28	62	104
28	63	76
28	64	54
28	65	49
28	66	28
28	67	21
28	68	19
28	69	14
28	70	8
28	71	11
28	72	11
28	73	6
28	74	6
28	75	2
28	76	6
28	77	3
28	78	2
28	79	1
28	80	1
28	81	1
28	82	0
28	83	0
28	84	2
28	85	1
28	86	2
28	87	0
28	88	0
28	89	2
28	90	0
28	91	1
28	92	1
28	93	1
28	94	0
28	95	1
29	0	2
29	1	5
29	2	7
29	3	16
29	4	14
29	5	41
29	6	67
29	7	87
29	8	98
29	9	161
29	10	265
29	11	304
29	12	445
29	13	733
29	14	854
29	15	1148
29	16	1538
29	17	2385
29	18	2686
29	19	3507
29	20	4819
29	21	5278
29	22	6162
29	23	7142
29	24	9796
29	25	9979
29	26	11128
29	27	14156
29	28	13825
29	29	14601
29	30	17936
29	31	16182
29	32	16846
29	33	17052
29	34	19653
29	35	16957
29	36	16467
29	37	17714
29	38	14997
29	39	13888
29	40	13003
29	41	13377
29	42	10761
29	43	9573
29	44	9657
29	45	7491
29	46	6479
29	47	5475
29	48	5157
29	49	3797
29	50	3228
29	51	2978
29	52	2066
29	53	1727
29	54	1472
29	55	1001
29	56	787
29	57	588
29	58	479
29	59	336
29	60	207
29	61	201
29	62	118
29	63	87
29	64	56
29	65	67
29	66	23
29	67	20
29	68	22
29	69	23
29	70	8
29	71	10
29	72	5
29	73	4
29	74	4
29	75	7
29	76	4
29	77	3
29	78	2
29	79	2
29	80	2
29	81	5
29	82	4
29	83	4
29	84	3
29	85	1
29	86	0
29	87	2
29	88	0
29	89	0
29	90	1
29	91	1
29	92	1
29	93	1
29	94	1
29	95	0
30	0	1
30	1	4
30	2	4
30	3	9
30	4	19
30	5	24
30	6	37
30	7	53
30	8	80
30	9	141
30	10	210
30	11	285
30	12	402
30	13	625
30	14	771
30	15	987
30	16	1312
30	17	1968
30	18	2277
30	19	2878
30	20	4216
30	21	4490
30	22	5631
30	23	6575
30	24	8940
30	25	8835
30	26	9910
30	27	12943
30	28	12440
30	29	13616
30	30	16460
30	31	15344
30	32	15777
30	33	16169
30	34	18745
30	35	16170
30	36	15846
30	37	17647
30	38	14657
30	39	13790
30	40	12975
30	41	13733
30	42	10731
30	43	9809
30	44	9875
30	45	7651
30	46	6670
30	47	5905
30	48	5685
30	49	4168
30	50	3481
30	51	3293
30	52	2335
30	53	1827
30	54	1657
30	55	1207
30	56	873
30	57	748
30	58	559
30	59	408
30	60	273
30	61	245
30	62	172
30	63	117
30	64	84
30	65	74
30	66	51
30	67	38
30	68	33
30	69	26
30	70	25
30	71	19
30	72	17
30	73	4
30	74	0
30	75	8
30	76	3
30	77	4
30	78	6
30	79	5
30	80	0
30	81	4
30	82	3
30	83	3
30	84	2
30	85	3
30	86	3
30	87	1
30	88	3
30	89	1
30	90	2
30	91	0
30	92	2
30	93	1
30	94	1
30	95	0
31	0	2
31	1	1
31	2	7
31	3	10
31	4	13
31	5	30
31	6	38
31	7	54
31	8	80
31	9	80
31	10	209
31	11	233
31	12	306
31	13	499
31	14	605
31	15	854
31	16	1031
31	17	1662
31	18	1916
31	19	2449
31	20	3579
31	21	3780
31	22	4613
31	23	5583
31	24	7516
31	25	7664
31	26	8781
31	27	11383
31	28	11070
31	29	11936
31	30	14884
31	31	13828
31	32	14339
31	33	14764
31	34	17162
31	35	14878
31	36	14671
31	37	16511
31	38	13883
31	39	13264
31	40	12390
31	41	13310
31	42	10579
31	43	9821
31	44	9821
31	45	7673
31	46	6793
31	47	6002
31	48	5884
31	49	4319
31	50	3758
31	51	3472
31	52	2483
31	53	2072
31	54	1897
31	55	1332
31	56	1018
31	57	811
31	58	710
31	59	465
31	60	332
31	61	299
31	62	188
31	63	139
31	64	110
31	65	91
31	66	63
31	67	29
31	68	38
31	69	18
31	70	19
31	71	11
31	72	8
31	73	10
31	74	5
31	75	9
31	76	10
31	77	5
31	78	6
31	79	2
31	80	5
31	81	4
31	82	2
31	83	1
31	84	3
31	85	3
31	86	0
31	87	6
31	88	1
31	89	2
31	90	0
31	91	1
31	92	0
31	93	0
31	94	1
31	95	0
32	0	3
32	1	2
32	2	1
32	3	9
32	4	14
32	5	21
32	6	31
32	7	36
32	8	55
32	9	75
32	10	135
32	11	186
32	12	285
32	13	434
32	14	536
32	15	770
32	16	1045
32	17	1562
32	18	1716
32	19	2162
32	20	3156
32	21	3501
32	22	4277
32	23	4902
32	24	6962
32	25	7157
32	26	8313
32	27	10724
32	28	10517
32	29	11476
32	30	14287
32	31	13248
32	32	13642
32	33	14402
32	34	16815
32	35	14754
32	36	14837
32	37	16566
32	38	13843
32	39	13639
32	40	13063
32	41	13721
32	42	11095
32	43	10155
32	44	10479
32	45	8300
32	46	7446
32	47	6511
32	48	6211
32	49	4893
32	50	4292
32	51	3972
32	52	2853
32	53	2287
32	54	2217
32	55	1502
32	56	1215
32	57	978
32	58	888
32	59	591
32	60	446
32	61	380
32	62	229
32	63	176
32	64	146
32	65	104
32	66	79
32	67	50
32	68	50
32	69	23
32	70	26
32	71	22
32	72	19
32	73	18
32	74	8
32	75	16
32	76	3
32	77	3
32	78	5
32	79	8
32	80	2
32	81	8
32	82	6
32	83	4
32	84	3
32	85	0
32	86	5
32	87	1
32	88	1
32	89	1
32	90	1
32	91	2
32	92	0
32	93	2
32	94	1
32	95	1
33	0	0
33	1	1
33	2	4
33	3	12
33	4	8
33	5	11
33	6	26
33	7	39
33	8	45
33	9	82
33	10	122
33	11	139
33	12	234
33	13	372
33	14	468
33	15	642
33	16	807
33	17	1293
33	18	1515
33	19	1996
33	20	2808
33	21	3062
33	22	3780
33	23	4490
33	24	6232
33	25	6425
33	26	7505
33	27	9764
33	28	9510
33	29	10570
33	30	13181
33	31	12209
33	32	12908
33	33	13627
33	34	16160
33	35	14131
33	36	14280
33	37	15940
33	38	13627
33	39	13143
33	40	12510
33	41	13395
33	42	10913
33	43	10478
33	44	10613
33	45	8435
33	46	7595
33	47	6643
33	48	6759
33	49	5282
33	50	4416
33	51	4218
33	52	3268
33	53	2612
33	54	2500
33	55	1766
33	56	1388
33	57	1183
33	58	1053
33	59	643
33	60	531
33	61	443
33	62	270
33	63	223
33	64	167
33	65	137
33	66	84
33	67	67
33	68	68
33	69	39
33	70	35
33	71	21
33	72	30
33	73	22
33	74	17
33	75	8
33	76	16
33	77	14
33	78	4
33	79	9
33	80	2
33	81	4
33	82	3
33	83	4
33	84	1
33	85	3
33	86	5
33	87	3
33	88	5
33	89	3
33	90	0
33	91	0
33	92	1
33	93	2
33	94	2
33	95	0
34	0	1
34	1	2
34	2	2
34	3	5
34	4	10
34	5	10
34	6	25
34	7	34
34	8	37
34	9	66
34	10	115
34	11	145
34	12	160
34	13	306
34	14	433
34	15	538
34	16	691
34	17	1126
34	18	1264
34	19	1671
34	20	2458
34	21	2770
34	22	3377
34	23	4011
34	24	5519
34	25	5771
34	26	6696
34	27	8798
34	28	8701
34	29	9552
34	30	12002
34	31	11589
34	32	12035
34	33	12665
34	34	15109
34	35	13740
34	36	13704
34	37	15128
34	38	13469
34	39	12812
34	40	12228
34	41	13318
34	42	10955
34	43	10336
34	44	10856
34	45	8511
34	46	7794
34	47	7042
34	48	7226
34	49	5440
34	50	4771
34	51	4552
34	52	3376
34	53	2928
34	54	2741
34	55	1910
34	56	1540
34	57	1341
34	58	1084
34	59	817
34	60	608
34	61	554
34	62	352
34	63	285
34	64	198
34	65	154
34	66	122
34	67	73
34	68	86
34	69	45
34	70	35
34	71	29
34	72	33
34	73	28
34	74	23
34	75	10
34	76	13
34	77	10
34	78	13
34	79	7
34	80	9
34	81	4
34	82	9
34	83	7
34	84	5
34	85	6
34	86	3
34	87	3
34	88	1
34	89	1
34	90	1
34	91	0
34	92	2
34	93	2
34	94	0
34	95	1
35	0	0
35	1	1
35	2	2
35	3	5
35	4	6
35	5	4
35	6	17
35	7	30
35	8	27
35	9	44
35	10	80
35	11	96
35	12	158
35	13	260
35	14	294
35	15	445
35	16	591
35	17	923
35	18	1097
35	19	1397
35	20	2139
35	21	2368
35	22	2909
35	23	3473
35	24	4755
35	25	4828
35	26	5773
35	27	7778
35	28	7769
35	29	8588
35	30	11030
35	31	10447
35	32	10974
35	33	11445
35	34	13787
35	35	12222
35	36	12410
35	37	14178
35	38	12327
35	39	12138
35	40	11826
35	41	12550
35	42	10327
35	43	9731
35	44	10327
35	45	8368
35	46	7521
35	47	6947
35	48	7000
35	49	5410
35	50	4661
35	51	4740
35	52	3541
35	53	2954
35	54	2850
35	55	1987
35	56	1693
35	57	1382
35	58	1322
35	59	789
35	60	684
35	61	602
35	62	401
35	63	328
35	64	255
35	65	200
35	66	112
35	67	91
35	68	80
35	69	57
35	70	52
35	71	29
35	72	37
35	73	24
35	74	20
35	75	16
35	76	15
35	77	14
35	78	10
35	79	9
35	80	6
35	81	6
35	82	8
35	83	2
35	84	9
35	85	8
35	86	2
35	87	0
35	88	2
35	89	1
35	90	1
35	91	0
35	92	0
35	93	4
35	94	0
35	95	0
36	0	0
36	1	0
36	2	0
36	3	4
36	4	5
36	5	5
36	6	16
36	7	25
36	8	25
36	9	39
36	10	73
36	11	97
36	12	133
36	13	231
36	14	278
36	15	411
36	16	532
36	17	828
36	18	995
36	19	1233
36	20	1833
36	21	2093
36	22	2656
36	23	3300
36	24	4415
36	25	4712
36	26	5599
36	27	7333
36	28	7316
36	29	8160
36	30	10256
36	31	9935
36	32	10739
36	33	11237
36	34	13404
36	35	12033
36	36	12288
36	37	13848
36	38	12444
36	39	11976
36	40	11641
36	41	12648
36	42	10494
36	43	10016
36	44	10315
36	45	8613
36	46	7976
36	47	7098
36	48	7312
36	49	5579
36	50	5032
36	51	4967
36	52	3885
36	53	3254
36	54	3125
36	55	2324
36	56	1937
36	57	1608
36	58	1401
36	59	995
36	60	790
36	61	680
36	62	490
36	63	367
36	64	302
36	65	252
36	66	154
36	67	114
36	68	124
36	69	46
36	70	41
36	71	45
36	72	33
36	73	28
36	74	25
36	75	24
36	76	17
36	77	13
36	78	14
36	79	4
36	80	11
36	81	8
36	82	4
36	83	7
36	84	5
36	85	6
36	86	5
36	87	2
36	88	4
36	89	2
36	90	1
36	91	5
36	92	5
36	93	1
36	94	1
36	95	1
37	0	1
37	1	1
37	2	2
37	3	2
37	4	1
37	5	7
37	6	15
37	7	21
37	8	22
37	9	30
37	10	69
37	11	72
37	12	113
37	13	190
37	14	246
37	15	333
37	16	432
37	17	725
37	18	888
37	19	1139
37	20	1742
37	21	1880
37	22	2322
37	23	2823
37	24	4059
37	25	4258
37	26	5075
37	27	6720
37	28	6610
37	29	7568
37	30	9447
37	31	9273
37	32	9736
37	33	10527
37	34	12568
37	35	11256
37	36	11579
37	37	13462
37	38	11701
37	39	11459
37	40	11040
37	41	12232
37	42	10288
37	43	9649
37	44	10369
37	45	8537
37	46	7800
37	47	6993
37	48	7250
37	49	5770
37	50	5106
37	51	5153
37	52	3914
37	53	3374
37	54	3309
37	55	2416
37	56	1945
37	57	1657
37	58	1590
37	59	1105
37	60	853
37	61	799
37	62	549
37	63	412
37	64	314
37	65	281
37	66	163
37	67	127
37	68	112
37	69	70
37	70	54
37	71	29
37	72	46
37	73	26
37	74	19
37	75	16
37	76	11
37	77	23
37	78	21
37	79	13
37	80	10
37	81	14
37	82	8
37	83	11
37	84	7
37	85	9
37	86	4
37	87	4
37	88	3
37	89	4
37	90	4
37	91	2
37	92	4
37	93	2
37	94	5
37	95	0
38	0	0
38	1	0
38	2	0
38	3	1
38	4	1
38	5	6
38	6	5
38	7	15
38	8	20
38	9	45
38	10	53
38	11	78
38	12	106
38	13	181
38	14	213
38	15	326
38	16	395
38	17	577
38	18	694
38	19	935
38	20	1473
38	21	1624
38	22	1976
38	23	2485
38	24	3490
38	25	3751
38	26	4275
38	27	5837
38	28	5836
38	29	6696
38	30	8599
38	31	8312
38	32	9107
38	33	9572
38	34	11571
38	35	10298
38	36	10530
38	37	12166
38	38	10705
38	39	10534
38	40	10386
38	41	11467
38	42	9632
38	43	9101
38	44	9657
38	45	7971
38	46	7365
38	47	6703
38	48	6977
38	49	5373
38	50	4909
38	51	4759
38	52	3767
38	53	3332
38	54	3262
38	55	2368
38	56	2102
38	57	1685
38	58	1539
38	59	1133
38	60	868
38	61	813
38	62	540
38	63	437
38	64	342
38	65	316
38	66	196
38	67	147
38	68	116
38	69	79
38	70	81
38	71	52
38	72	49
38	73	30
38	74	37
38	75	26
38	76	20
38	77	19
38	78	22
38	79	10
38	80	12
38	81	11
38	82	5
38	83	16
38	84	6
38	85	6
38	86	6
38	87	8
38	88	5
38	89	2
38	90	3
38	91	2
38	92	6
38	93	0
38	94	2
38	95	2
39	0	0
39	1	0
39	2	2
39	3	1
39	4	3
39	5	3
39	6	9
39	7	10
39	8	20
39	9	24
39	10	46
39	11	61
39	12	89
39	13	145
39	14	162
39	15	258
39	16	331
39	17	528
39	18	652
39	19	791
39	20	1317
39	21	1531
39	22	1877
39	23	2277
39	24	3218
39	25	3473
39	26	4124
39	27	5493
39	28	5669
39	29	6384
39	30	8211
39	31	7768
39	32	8536
39	33	9211
39	34	11180
39	35	10184
39	36	10363
39	37	12002
39	38	10825
39	39	10674
39	40	10303
39	41	11548
39	42	9562
39	43	9009
39	44	9838
39	45	8029
39	46	7364
39	47	6739
39	48	7012
39	49	5677
39	50	5073
39	51	4994
39	52	3872
39	53	3514
39	54	3450
39	55	2584
39	56	2142
39	57	1796
39	58	1713
39	59	1247
39	60	1004
39	61	886
39	62	630
39	63	474
39	64	407
39	65	335
39	66	223
39	67	154
39	68	160
39	69	96
39	70	94
39	71	70
39	72	65
39	73	37
39	74	35
39	75	26
39	76	18
39	77	22
39	78	21
39	79	14
39	80	14
39	81	10
39	82	6
39	83	6
39	84	8
39	85	10
39	86	10
39	87	3
39	88	5
39	89	5
39	90	0
39	91	2
39	92	1
39	93	1
39	94	4
39	95	1
40	0	0
40	1	0
40	2	0
40	3	2
40	4	1
40	5	4
40	6	11
40	7	14
40	8	20
40	9	23
40	10	44
40	11	54
40	12	52
40	13	129
40	14	162
40	15	228
40	16	268
40	17	479
40	18	587
40	19	799
40	20	1126
40	21	1293
40	22	1675
40	23	2052
40	24	2934
40	25	2995
40	26	3671
40	27	5012
40	28	5061
40	29	5743
40	30	7398
40	31	7317
40	32	7920
40	33	8672
40	34	10575
40	35	9448
40	36	9691
40	37	11617
40	38	9948
40	39	10054
40	40	9777
40	41	11039
40	42	9103
40	43	8692
40	44	9379
40	45	7565
40	46	7203
40	47	6647
40	48	6776
40	49	5445
40	50	4835
40	51	5055
40	52	3799
40	53	3527
40	54	3357
40	55	2503
40	56	2226
40	57	1875
40	58	1802
40	59	1288
40	60	1120
40	61	975
40	62	671
40	63	503
40	64	428
40	65	359
40	66	253
40	67	192
40	68	185
40	69	126
40	70	101
40	71	62
40	72	54
40	73	50
40	74	43
40	75	32
40	76	26
40	77	28
40	78	14
40	79	21
40	80	23
40	81	12
40	82	16
40	83	14
40	84	5
40	85	5
40	86	14
40	87	3
40	88	6
40	89	8
40	90	3
40	91	1
40	92	4
40	93	3
40	94	2
40	95	5
41	0	0
41	1	0
41	2	1
41	3	4
41	4	1
41	5	3
41	6	9
41	7	8
41	8	7
41	9	22
41	10	27
41	11	33
41	12	66
41	13	102
41	14	134
41	15	178
41	16	265
41	17	402
41	18	444
41	19	656
41	20	1003
41	21	1113
41	22	1354
41	23	1727
41	24	2444
41	25	2618
41	26	3244
41	27	4314
41	28	4513
41	29	5206
41	30	6717
41	31	6512
41	32	7026
41	33	7695
41	34	9455
41	35	8636
41	36	8913
41	37	10353
41	38	9312
41	39	9092
41	40	9166
41	41	10071
41	42	8493
41	43	7891
41	44	8667
41	45	7269
41	46	6610
41	47	6031
41	48	6391
41	49	5016
41	50	4553
41	51	4617
41	52	3650
41	53	3121
41	54	3286
41	55	2396
41	56	2054
41	57	1756
41	58	1730
41	59	1177
41	60	1002
41	61	954
41	62	673
41	63	555
41	64	409
41	65	368
41	66	250
41	67	184
41	68	165
41	69	122
41	70	92
41	71	89
41	72	56
41	73	47
41	74	31
41	75	43
41	76	29
41	77	21
41	78	22
41	79	19
41	80	19
41	81	5
41	82	13
41	83	11
41	84	8
41	85	7
41	86	11
41	87	6
41	88	5
41	89	10
41	90	4
41	91	8
41	92	3
41	93	3
41	94	5
41	95	6
42	0	1
42	1	0
42	2	1
42	3	0
42	4	1
42	5	2
42	6	9
42	7	7
42	8	14
42	9	22
42	10	29
42	11	26
42	12	60
42	13	89
42	14	120
42	15	178
42	16	238
42	17	365
42	18	440
42	19	549
42	20	891
42	21	1012
42	22	1254
42	23	1604
42	24	2352
42	25	2502
42	26	2859
42	27	4100
42	28	4200
42	29	4753
42	30	6293
42	31	6048
42	32	6851
42	33	7151
42	34	9025
42	35	8275
42	36	8538
42	37	10424
42	38	9033
42	39	8839
42	40	8820
42	41	9887
42	42	8321
42	43	8097
42	44	8600
42	45	7010
42	46	6664
42	47	6109
42	48	6388
42	49	5146
42	50	4557
42	51	4783
42	52	3625
42	53	3213
42	54	3208
42	55	2466
42	56	2124
42	57	1854
42	58	1813
42	59	1274
42	60	1128
42	61	1000
42	62	680
42	63	595
42	64	441
42	65	428
42	66	266
42	67	244
42	68	178
42	69	131
42	70	110
42	71	77
42	72	75
42	73	45
42	74	43
42	75	34
42	76	45
42	77	24
42	78	28
42	79	20
42	80	24
42	81	19
42	82	18
42	83	14
42	84	16
42	85	14
42	86	4
42	87	5
42	88	3
42	89	6
42	90	4
42	91	2
42	92	3
42	93	5
42	94	3
42	95	7
43	0	1
43	1	1
43	2	1
43	3	1
43	4	0
43	5	5
43	6	3
43	7	8
43	8	6
43	9	17
43	10	29
43	11	29
43	12	46
43	13	112
43	14	98
43	15	141
43	16	207
43	17	300
43	18	360
43	19	487
43	20	738
43	21	913
43	22	1071
43	23	1409
43	24	2039
43	25	2121
43	26	2614
43	27	3647
43	28	3853
43	29	4347
43	30	5595
43	31	5640
43	32	6189
43	33	6632
43	34	8200
43	35	7774
43	36	7919
43	37	9402
43	38	8370
43	39	8420
43	40	8501
43	41	9422
43	42	7960
43	43	7557
43	44	8149
43	45	6871
43	46	6313
43	47	5804
43	48	6098
43	49	4852
43	50	4365
43	51	4528
43	52	3533
43	53	3082
43	54	3102
43	55	2433
43	56	2082
43	57	1730
43	58	1774
43	59	1213
43	60	1045
43	61	1043
43	62	690
43	63	589
43	64	510
43	65	433
43	66	297
43	67	236
43	68	197
43	69	139
43	70	120
43	71	81
43	72	67
43	73	54
43	74	39
43	75	48
43	76	35
43	77	23
43	78	25
43	79	26
43	80	22
43	81	16
43	82	18
43	83	12
43	84	13
43	85	14
43	86	5
43	87	11
43	88	6
43	89	15
43	90	3
43	91	6
43	92	4
43	93	6
43	94	5
43	95	10
44	0	0
44	1	0
44	2	0
44	3	0
44	4	1
44	5	1
44	6	3
44	7	5
44	8	5
44	9	13
44	10	16
44	11	21
44	12	37
44	13	59
44	14	93
44	15	106
44	16	166
44	17	272
44	18	322
44	19	411
44	20	638
44	21	716
44	22	909
44	23	1229
44	24	1705
44	25	1936
44	26	2338
44	27	3150
44	28	3196
44	29	3802
44	30	4882
44	31	4954
44	32	5477
44	33	5868
44	34	7305
44	35	6854
44	36	7199
44	37	8422
44	38	7564
44	39	7776
44	40	7599
44	41	8641
44	42	7333
44	43	7109
44	44	7619
44	45	6410
44	46	5985
44	47	5643
44	48	5607
44	49	4419
44	50	4142
44	51	4288
44	52	3344
44	53	2907
44	54	2861
44	55	2304
44	56	1960
44	57	1739
44	58	1650
44	59	1171
44	60	1066
44	61	1005
44	62	723
44	63	520
44	64	479
44	65	423
44	66	297
44	67	210
44	68	226
44	69	146
44	70	113
44	71	93
44	72	80
44	73	58
44	74	50
44	75	40
44	76	26
44	77	26
44	78	39
44	79	21
44	80	12
44	81	19
44	82	15
44	83	13
44	84	8
44	85	13
44	86	16
44	87	14
44	88	11
44	89	8
44	90	5
44	91	10
44	92	5
44	93	7
44	94	6
44	95	12
45	0	0
45	1	1
45	2	0
45	3	1
45	4	2
45	5	2
45	6	3
45	7	2
45	8	3
45	9	13
45	10	29
45	11	22
45	12	36
45	13	53
45	14	66
45	15	69
45	16	134
45	17	230
45	18	277
45	19	357
45	20	574
45	21	614
45	22	894
45	23	1096
45	24	1662
45	25	1652
45	26	2069
45	27	2852
45	28	3012
45	29	3530
45	30	4623
45	31	4621
45	32	5063
45	33	5689
45	34	7049
45	35	6674
45	36	6970
45	37	8221
45	38	7587
45	39	7520
45	40	7569
45	41	8572
45	42	7420
45	43	6989
45	44	7583
45	45	6267
45	46	5897
45	47	5538
45	48	5830
45	49	4639
45	50	4104
45	51	4298
45	52	3393
45	53	2890
45	54	2928
45	55	2196
45	56	2044
45	57	1772
45	58	1716
45	59	1306
45	60	1048
45	61	1006
45	62	741
45	63	593
45	64	491
45	65	437
45	66	298
45	67	262
45	68	214
45	69	150
45	70	134
45	71	92
45	72	95
45	73	54
45	74	53
45	75	53
45	76	32
45	77	39
45	78	23
45	79	17
45	80	18
45	81	22
45	82	19
45	83	11
45	84	13
45	85	15
45	86	16
45	87	13
45	88	9
45	89	10
45	90	10
45	91	10
45	92	9
45	93	8
45	94	6
45	95	8
46	0	0
46	1	0
46	2	0
46	3	1
46	4	0
46	5	3
46	6	0
46	7	6
46	8	9
46	9	14
46	10	20
46	11	19
46	12	26
46	13	51
46	14	66
46	15	93
46	16	119
46	17	178
46	18	236
46	19	304
46	20	493
46	21	610
46	22	753
46	23	928
46	24	1365
46	25	1580
46	26	1887
46	27	2576
46	28	2708
46	29	3164
46	30	4151
46	31	4048
46	32	4660
46	33	5096
46	34	6658
46	35	5944
46	36	6465
46	37	7831
46	38	6922
46	39	7126
46	40	7114
46	41	8229
46	42	6880
46	43	6859
46	44	7428
46	45	6017
46	46	5720
46	47	5328
46	48	5561
46	49	4406
46	50	3988
46	51	4134
46	52	3208
46	53	2923
46	54	2895
46	55	2277
46	56	1826
46	57	1677
46	58	1631
46	59	1236
46	60	1045
46	61	1011
46	62	753
46	63	575
46	64	528
46	65	473
46	66	311
46	67	240
46	68	208
46	69	173
46	70	143
46	71	89
46	72	101
46	73	68
46	74	42
46	75	44
46	76	45
46	77	18
46	78	28
46	79	25
46	80	23
46	81	23
46	82	24
46	83	17
46	84	19
46	85	15
46	86	14
46	87	10
46	88	11
46	89	15
46	90	12
46	91	10
46	92	11
46	93	9
46	94	12
46	95	7
47	0	0
47	1	0
47	2	0
47	3	0
47	4	3
47	5	0
47	6	4
47	7	3
47	8	4
47	9	8
47	10	9
47	11	14
47	12	21
47	13	47
47	14	69
47	15	74
47	16	94
47	17	177
47	18	204
47	19	255
47	20	469
47	21	544
47	22	619
47	23	873
47	24	1185
47	25	1369
47	26	1585
47	27	2246
47	28	2509
47	29	2877
47	30	3746
47	31	3774
47	32	4247
47	33	4591
47	34	5971
47	35	5799
47	36	5865
47	37	7210
47	38	6455
47	39	6636
47	40	6729
47	41	7629
47	42	6560
47	43	6428
47	44	7057
47	45	5896
47	46	5528
47	47	5180
47	48	5300
47	49	4221
47	50	4050
47	51	4143
47	52	3197
47	53	2855
47	54	2833
47	55	2151
47	56	1920
47	57	1720
47	58	1657
47	59	1216
47	60	1052
47	61	1025
47	62	704
47	63	603
47	64	486
47	65	485
47	66	322
47	67	263
47	68	223
47	69	162
47	70	146
47	71	101
47	72	85
47	73	52
47	74	61
47	75	45
47	76	32
47	77	31
47	78	25
47	79	23
47	80	24
47	81	19
47	82	16
47	83	20
47	84	15
47	85	23
47	86	11
47	87	11
47	88	12
47	89	13
47	90	11
47	91	17
47	92	8
47	93	13
47	94	9
47	95	11
48	0	0
48	1	0
48	2	0
48	3	1
48	4	1
48	5	0
48	6	2
48	7	2
48	8	2
48	9	6
48	10	17
48	11	15
48	12	29
48	13	26
48	14	41
48	15	57
48	16	83
48	17	162
48	18	175
48	19	257
48	20	342
48	21	400
48	22	554
48	23	669
48	24	1080
48	25	1109
48	26	1408
48	27	2038
48	28	2111
48	29	2428
48	30	3343
48	31	3323
48	32	3722
48	33	4174
48	34	5265
48	35	5014
48	36	5377
48	37	6475
48	38	5838
48	39	5955
48	40	6129
48	41	7065
48	42	6085
48	43	5943
48	44	6531
48	45	5542
48	46	5092
48	47	4952
48	48	5115
48	49	4097
48	50	3634
48	51	3914
48	52	3065
48	53	2687
48	54	2743
48	55	2092
48	56	1839
48	57	1623
48	58	1587
48	59	1213
48	60	995
48	61	963
48	62	669
48	63	645
48	64	524
48	65	469
48	66	304
48	67	261
48	68	260
48	69	151
48	70	129
48	71	102
48	72	99
48	73	61
48	74	54
48	75	48
48	76	38
48	77	32
48	78	32
48	79	17
48	80	20
48	81	17
48	82	22
48	83	14
48	84	19
48	85	13
48	86	8
48	87	23
48	88	13
48	89	17
48	90	12
48	91	10
48	92	12
48	93	7
48	94	13
48	95	7
49	0	0
49	1	0
49	2	1
49	3	1
49	4	0
49	5	0
49	6	1
49	7	3
49	8	5
49	9	6
49	10	9
49	11	11
49	12	18
49	13	22
49	14	44
49	15	51
49	16	59
49	17	136
49	18	142
49	19	220
49	20	339
49	21	380
49	22	482
49	23	648
49	24	914
49	25	1035
49	26	1253
49	27	1845
49	28	1854
49	29	2239
49	30	3068
49	31	3115
49	32	3603
49	33	3999
49	34	5051
49	35	4656
49	36	5075
49	37	6201
49	38	5679
49	39	5876
49	40	6034
49	41	6685
49	42	6076
49	43	5813
49	44	6525
49	45	5498
49	46	5139
49	47	4885
49	48	5177
49	49	4149
49	50	3917
49	51	3931
49	52	3152
49	53	2695
49	54	2767
49	55	2129
49	56	1867
49	57	1669
49	58	1629
49	59	1212
49	60	994
49	61	1052
49	62	748
49	63	665
49	64	498
49	65	498
49	66	334
49	67	282
49	68	248
49	69	211
49	70	140
49	71	128
49	72	105
49	73	77
49	74	45
49	75	47
49	76	41
49	77	38
49	78	40
49	79	24
49	80	37
49	81	25
49	82	19
49	83	20
49	84	21
49	85	14
49	86	14
49	87	10
49	88	16
49	89	17
49	90	12
49	91	14
49	92	10
49	93	15
49	94	8
49	95	9
50	0	0
50	1	1
50	2	0
50	3	0
50	4	0
50	5	1
50	6	0
50	7	2
50	8	3
50	9	3
50	10	4
50	11	7
50	12	13
50	13	28
50	14	38
50	15	44
50	16	86
50	17	101
50	18	128
50	19	162
50	20	292
50	21	330
50	22	420
50	23	573
50	24	829
50	25	897
50	26	1098
50	27	1582
50	28	1725
50	29	1981
50	30	2731
50	31	2823
50	32	3134
50	33	3452
50	34	4548
50	35	4363
50	36	4777
50	37	5741
50	38	5442
50	39	5626
50	40	5728
50	41	6520
50	42	5760
50	43	5595
50	44	6165
50	45	5245
50	46	5125
50	47	4758
50	48	4991
50	49	4088
50	50	3757
50	51	3794
50	52	3073
50	53	2669
50	54	2763
50	55	2038
50	56	1819
50	57	1580
50	58	1616
50	59	1192
50	60	1038
50	61	1034
50	62	694
50	63	550
50	64	548
50	65	489
50	66	342
50	67	251
50	68	270
50	69	201
50	70	143
50	71	117
50	72	119
50	73	80
50	74	62
50	75	57
50	76	44
50	77	35
50	78	27
50	79	16
50	80	18
50	81	19
50	82	25
50	83	18
50	84	21
50	85	17
50	86	9
50	87	15
50	88	14
50	89	12
50	90	11
50	91	11
50	92	15
50	93	13
50	94	9
50	95	15
51	0	0
51	1	0
51	2	0
51	3	0
51	4	1
51	5	1
51	6	0
51	7	1
51	8	2
51	9	0
51	10	4
51	11	9
51	12	13
51	13	18
51	14	33
51	15	41
51	16	57
51	17	90
51	18	102
51	19	127
51	20	252
51	21	274
51	22	349
51	23	464
51	24	740
51	25	804
51	26	983
51	27	1306
51	28	1397
51	29	1696
51	30	2354
51	31	2429
51	32	2707
51	33	3119
51	34	3955
51	35	3851
51	36	4200
51	37	5179
51	38	4744
51	39	5039
51	40	5166
51	41	5902
51	42	5276
51	43	5139
51	44	5708
51	45	4922
51	46	4501
51	47	4471
51	48	4760
51	49	3825
51	50	3542
51	51	3655
51	52	2876
51	53	2751
51	54	2595
51	55	1945
51	56	1766
51	57	1506
51	58	1535
51	59	1130
51	60	994
51	61	966
51	62	697
51	63	612
51	64	535
51	65	445
51	66	355
51	67	296
51	68	262
51	69	197
51	70	161
51	71	126
51	72	123
51	73	82
51	74	59
51	75	55
51	76	47
51	77	31
51	78	31
51	79	18
51	80	18
51	81	12
51	82	21
51	83	18
51	84	14
51	85	16
51	86	15
51	87	19
51	88	12
51	89	22
51	90	11
51	91	7
51	92	16
51	93	8
51	94	12
51	95	9
52	0	0
52	1	0
52	2	0
52	3	0
52	4	0
52	5	0
52	6	1
52	7	1
52	8	2
52	9	0
52	10	8
52	11	5
52	12	14
52	13	13
52	14	29
52	15	32
52	16	47
52	17	71
52	18	105
52	19	133
52	20	231
52	21	231
52	22	334
52	23	440
52	24	611
52	25	735
52	26	845
52	27	1276
52	28	1283
52	29	1564
52	30	2184
52	31	2158
52	32	2550
52	33	2907
52	34	3755
52	35	3680
52	36	3998
52	37	4778
52	38	4433
52	39	4834
52	40	4925
52	41	5813
52	42	5184
52	43	5054
52	44	5632
52	45	4735
52	46	4561
52	47	4389
52	48	4665
52	49	3728
52	50	3416
52	51	3633
52	52	2950
52	53	2655
52	54	2556
52	55	2043
52	56	1793
52	57	1551
52	58	1558
52	59	1203
52	60	1006
52	61	984
52	62	742
52	63	652
52	64	560
52	65	503
52	66	298
52	67	300
52	68	262
52	69	197
52	70	172
52	71	112
52	72	110
52	73	78
52	74	49
52	75	48
52	76	25
52	77	37
52	78	27
52	79	18
52	80	21
52	81	19
52	82	15
52	83	15
52	84	16
52	85	23
52	86	12
52	87	15
52	88	13
52	89	17
52	90	10
52	91	17
52	92	8
52	93	13
52	94	10
52	95	10
53	0	0
53	1	0
53	2	0
53	3	0
53	4	0
53	5	1
53	6	1
53	7	2
53	8	3
53	9	2
53	10	5
53	11	10
53	12	13
53	13	8
53	14	15
53	15	34
53	16	39
53	17	65
53	18	80
53	19	101
53	20	214
53	21	225
53	22	263
53	23	373
53	24	547
53	25	599
53	26	763
53	27	1084
53	28	1168
53	29	1417
53	30	1954
53	31	1988
53	32	2326
53	33	2603
53	34	3405
53	35	3296
53	36	3571
53	37	4438
53	38	4046
53	39	4281
53	40	4588
53	41	5356
53	42	4642
53	43	4680
53	44	5383
53	45	4521
53	46	4328
53	47	4254
53	48	4589
53	49	3641
53	50	3326
53	51	3439
53	52	2754
53	53	2562
53	54	2552
53	55	1975
53	56	1754
53	57	1562
53	58	1524
53	59	1171
53	60	1056
53	61	1022
53	62	760
53	63	655
53	64	557
53	65	523
53	66	388
53	67	314
53	68	273
53	69	196
53	70	200
53	71	122
53	72	117
53	73	95
53	74	69
53	75	62
53	76	40
53	77	47
53	78	33
53	79	24
53	80	18
53	81	18
53	82	21
53	83	21
53	84	13
53	85	11
53	86	11
53	87	10
53	88	12
53	89	18
53	90	16
53	91	7
53	92	15
53	93	10
53	94	12
53	95	13
54	0	0
54	1	0
54	2	0
54	3	0
54	4	0
54	5	0
54	6	0
54	7	1
54	8	1
54	9	2
54	10	6
54	11	6
54	12	2
54	13	9
54	14	16
54	15	21
54	16	29
54	17	45
54	18	73
54	19	86
54	20	132
54	21	183
54	22	240
54	23	306
54	24	421
54	25	485
54	26	672
54	27	852
54	28	1000
54	29	1200
54	30	1668
54	31	1691
54	32	2022
54	33	2324
54	34	2864
54	35	2839
54	36	3146
54	37	3952
54	38	3687
54	39	3864
54	40	4015
54	41	4871
54	42	4353
54	43	4193
54	44	4757
54	45	4189
54	46	3926
54	47	3833
54	48	4082
54	49	3303
54	50	3102
54	51	3438
54	52	2623
54	53	2511
54	54	2352
54	55	1941
54	56	1626
54	57	1463
54	58	1436
54	59	1126
54	60	952
54	61	924
54	62	735
54	63	608
54	64	537
54	65	502
54	66	391
54	67	329
54	68	256
54	69	200
54	70	153
54	71	161
54	72	125
54	73	92
54	74	72
54	75	71
54	76	38
54	77	30
54	78	25
54	79	35
54	80	13
54	81	18
54	82	17
54	83	14
54	84	6
54	85	12
54	86	15
54	87	12
54	88	8
54	89	9
54	90	9
54	91	7
54	92	9
54	93	8
54	94	8
54	95	7
55	0	0
55	1	0
55	2	0
55	3	0
55	4	1
55	5	0
55	6	0
55	7	0
55	8	0
55	9	3
55	10	6
55	11	1
55	12	6
55	13	9
55	14	12
55	15	17
55	16	22
55	17	50
55	18	65
55	19	92
55	20	124
55	21	137
55	22	178
55	23	243
55	24	350
55	25	414
55	26	565
55	27	851
55	28	872
55	29	1092
55	30	1484
55	31	1586
55	32	1883
55	33	2051
55	34	2689
55	35	2656
55	36	3027
55	37	3691
55	38	3526
55	39	3686
55	40	3782
55	41	4581
55	42	4096
55	43	4118
55	44	4704
55	45	3986
55	46	3904
55	47	3719
55	48	4066
55	49	3315
55	50	3059
55	51	3216
55	52	2658
55	53	2368
55	54	2450
55	55	1981
55	56	1650
55	57	1476
55	58	1502
55	59	1110
55	60	947
55	61	977
55	62	703
55	63	598
55	64	517
55	65	494
55	66	416
55	67	320
55	68	294
55	69	196
55	70	186
55	71	140
55	72	123
55	73	95
55	74	67
55	75	82
55	76	53
55	77	39
55	78	37
55	79	29
55	80	29
55	81	22
55	82	20
55	83	17
55	84	10
55	85	21
55	86	8
55	87	11
55	88	16
55	89	10
55	90	7
55	91	11
55	92	11
55	93	3
55	94	15
55	95	8
56	0	0
56	1	0
56	2	0
56	3	0
56	4	0
56	5	1
56	6	0
56	7	1
56	8	2
56	9	2
56	10	1
56	11	5
56	12	7
56	13	3
56	14	10
56	15	20
56	16	20
56	17	42
56	18	51
56	19	67
56	20	111
56	21	119
56	22	175
56	23	198
56	24	382
56	25	411
56	26	500
56	27	716
56	28	811
56	29	966
56	30	1267
56	31	1381
56	32	1628
56	33	1865
56	34	2403
56	35	2383
56	36	2645
56	37	3294
56	38	3124
56	39	3346
56	40	3461
56	41	4207
56	42	3722
56	43	3746
56	44	4172
56	45	3598
56	46	3670
56	47	3510
56	48	3920
56	49	3145
56	50	2938
56	51	3079
56	52	2453
56	53	2209
56	54	2380
56	55	1845
56	56	1566
56	57	1427
56	58	1514
56	59	1121
56	60	976
56	61	932
56	62	666
56	63	615
56	64	542
56	65	519
56	66	379
56	67	290
56	68	280
56	69	214
56	70	203
56	71	136
56	72	166
56	73	95
56	74	65
56	75	73
56	76	56
56	77	37
56	78	37
56	79	34
56	80	25
56	81	14
56	82	19
56	83	20
56	84	20
56	85	11
56	86	13
56	87	6
56	88	12
56	89	10
56	90	16
56	91	3
56	92	5
56	93	7
56	94	6
56	95	7
57	0	0
57	1	0
57	2	0
57	3	1
57	4	0
57	5	0
57	6	0
57	7	0
57	8	0
57	9	0
57	10	1
57	11	3
57	12	5
57	13	4
57	14	9
57	15	14
57	16	19
57	17	35
57	18	43
57	19	56
57	20	79
57	21	112
57	22	139
57	23	200
57	24	306
57	25	311
57	26	423
57	27	595
57	28	663
57	29	768
57	30	1115
57	31	1250
57	32	1404
57	33	1592
57	34	2056
57	35	2042
57	36	2328
57	37	2885
57	38	2723
57	39	2964
57	40	3018
57	41	3608
57	42	3413
57	43	3456
57	44	3850
57	45	3321
57	46	3304
57	47	3171
57	48	3485
57	49	2861
57	50	2698
57	51	2820
57	52	2290
57	53	2103
57	54	2170
57	55	1643
57	56	1517
57	57	1308
57	58	1304
57	59	1071
57	60	937
57	61	952
57	62	644
57	63	574
57	64	487
57	65	484
57	66	342
57	67	273
57	68	325
57	69	192
57	70	155
57	71	146
57	72	129
57	73	98
57	74	60
57	75	65
57	76	44
57	77	43
57	78	43
57	79	23
57	80	23
57	81	18
57	82	14
57	83	11
57	84	11
57	85	16
57	86	12
57	87	13
57	88	3
57	89	9
57	90	13
57	91	9
57	92	11
57	93	9
57	94	8
57	95	8
58	0	0
58	1	0
58	2	0
58	3	0
58	4	1
58	5	0
58	6	0
58	7	0
58	8	2
58	9	0
58	10	1
58	11	1
58	12	8
58	13	10
58	14	11
58	15	18
58	16	11
58	17	25
58	18	33
58	19	59
58	20	93
58	21	104
58	22	114
58	23	157
58	24	277
58	25	303
58	26	386
58	27	538
58	28	582
58	29	729
58	30	1060
58	31	1049
58	32	1264
58	33	1503
58	34	1890
58	35	1922
58	36	2088
58	37	2671
58	38	2600
58	39	2747
58	40	2808
58	41	3490
58	42	3072
58	43	3239
58	44	3661
58	45	3236
58	46	3170
58	47	3054
58	48	3285
58	49	2869
58	50	2621
58	51	2798
58	52	2170
58	53	2119
58	54	2171
58	55	1747
58	56	1490
58	57	1383
58	58	1322
58	59	1042
58	60	901
58	61	908
58	62	659
58	63	573
58	64	504
58	65	513
58	66	346
58	67	308
58	68	308
58	69	214
58	70	179
58	71	156
58	72	136
58	73	84
58	74	76
58	75	77
58	76	49
58	77	42
58	78	47
58	79	21
58	80	27
58	81	19
58	82	21
58	83	10
58	84	18
58	85	15
58	86	8
58	87	5
58	88	10
58	89	5
58	90	8
58	91	11
58	92	12
58	93	7
58	94	6
58	95	7
59	0	0
59	1	0
59	2	0
59	3	0
59	4	0
59	5	0
59	6	0
59	7	1
59	8	0
59	9	1
59	10	1
59	11	1
59	12	5
59	13	9
59	14	7
59	15	11
59	16	17
59	17	28
59	18	38
59	19	40
59	20	73
59	21	89
59	22	106
59	23	135
59	24	227
59	25	250
59	26	332
59	27	439
59	28	506
59	29	628
59	30	862
59	31	961
59	32	1101
59	33	1281
59	34	1712
59	35	1672
59	36	1860
59	37	2272
59	38	2332
59	39	2443
59	40	2730
59	41	3080
59	42	2891
59	43	2931
59	44	3430
59	45	3012
59	46	2896
59	47	2868
59	48	3219
59	49	2627
59	50	2471
59	51	2586
59	52	2159
59	53	2002
59	54	2074
59	55	1677
59	56	1434
59	57	1322
59	58	1249
59	59	1041
59	60	854
59	61	860
59	62	686
59	63	624
59	64	523
59	65	470
59	66	358
59	67	316
59	68	309
59	69	219
59	70	169
59	71	147
59	72	133
59	73	113
59	74	69
59	75	86
59	76	52
59	77	33
59	78	37
59	79	25
59	80	28
59	81	26
59	82	22
59	83	23
59	84	19
59	85	21
59	86	11
59	87	8
59	88	5
59	89	14
59	90	11
59	91	10
59	92	15
59	93	13
59	94	8
59	95	6
60	0	0
60	1	0
60	2	0
60	3	0
60	4	0
60	5	0
60	6	0
60	7	0
60	8	0
60	9	0
60	10	1
60	11	2
60	12	2
60	13	2
60	14	10
60	15	6
60	16	12
60	17	18
60	18	30
60	19	37
60	20	45
60	21	65
60	22	95
60	23	132
60	24	178
60	25	201
60	26	305
60	27	400
60	28	403
60	29	568
60	30	749
60	31	801
60	32	859
60	33	1135
60	34	1506
60	35	1428
60	36	1643
60	37	2071
60	38	1995
60	39	2128
60	40	2189
60	41	2770
60	42	2490
60	43	2567
60	44	3064
60	45	2727
60	46	2652
60	47	2596
60	48	2858
60	49	2311
60	50	2190
60	51	2428
60	52	2002
60	53	1827
60	54	1997
60	55	1540
60	56	1335
60	57	1183
60	58	1241
60	59	950
60	60	812
60	61	811
60	62	655
60	63	550
60	64	495
60	65	456
60	66	323
60	67	299
60	68	268
60	69	209
60	70	180
60	71	125
60	72	136
60	73	88
60	74	100
60	75	73
60	76	43
60	77	44
60	78	41
60	79	32
60	80	31
60	81	22
60	82	27
60	83	11
60	84	18
60	85	18
60	86	16
60	87	8
60	88	12
60	89	8
60	90	8
60	91	7
60	92	14
60	93	11
60	94	8
60	95	13
61	0	0
61	1	0
61	2	0
61	3	0
61	4	0
61	5	0
61	6	0
61	7	0
61	8	0
61	9	2
61	10	0
61	11	1
61	12	2
61	13	2
61	14	8
61	15	5
61	16	11
61	17	19
61	18	23
61	19	38
61	20	48
61	21	48
61	22	76
61	23	113
61	24	171
61	25	203
61	26	204
61	27	370
61	28	407
61	29	464
61	30	673
61	31	716
61	32	785
61	33	993
61	34	1287
61	35	1325
61	36	1419
61	37	1928
61	38	1831
61	39	1899
61	40	2130
61	41	2478
61	42	2317
61	43	2522
61	44	2922
61	45	2547
61	46	2398
61	47	2473
61	48	2672
61	49	2265
61	50	2160
61	51	2349
61	52	1898
61	53	1725
61	54	1883
61	55	1545
61	56	1387
61	57	1218
61	58	1214
61	59	923
61	60	815
61	61	878
61	62	600
61	63	546
61	64	513
61	65	480
61	66	358
61	67	261
61	68	297
61	69	188
61	70	181
61	71	143
61	72	128
61	73	101
61	74	88
61	75	79
61	76	56
61	77	37
61	78	43
61	79	34
61	80	19
61	81	30
61	82	17
61	83	24
61	84	17
61	85	20
61	86	18
61	87	20
61	88	8
61	89	8
61	90	6
61	91	7
61	92	13
61	93	4
61	94	15
61	95	9
62	0	0
62	1	0
62	2	0
62	3	0
62	4	0
62	5	1
62	6	0
62	7	0
62	8	0
62	9	1
62	10	1
62	11	3
62	12	0
62	13	5
62	14	5
62	15	11
62	16	5
62	17	22
62	18	20
62	19	24
62	20	45
62	21	43
62	22	58
62	23	96
62	24	142
62	25	144
62	26	191
62	27	306
62	28	336
62	29	430
62	30	578
62	31	659
62	32	717
62	33	875
62	34	1183
62	35	1126
62	36	1374
62	37	1638
62	38	1585
62	39	1731
62	40	1871
62	41	2273
62	42	2135
62	43	2174
62	44	2637
62	45	2353
62	46	2228
62	47	2261
62	48	2508
62	49	2154
62	50	2060
62	51	2283
62	52	1860
62	53	1636
62	54	1683
62	55	1380
62	56	1291
62	57	1153
62	58	1171
62	59	887
62	60	828
62	61	763
62	62	580
62	63	554
62	64	468
62	65	403
62	66	335
62	67	283
62	68	239
62	69	197
62	70	170
62	71	134
62	72	113
62	73	85
62	74	85
62	75	72
62	76	47
62	77	37
62	78	37
62	79	21
62	80	33
62	81	21
62	82	26
62	83	17
62	84	15
62	85	22
62	86	23
62	87	17
62	88	10
62	89	10
62	90	12
62	91	12
62	92	13
62	93	9
62	94	12
62	95	10
63	0	0
63	1	0
63	2	0
63	3	0
63	4	0
63	5	0
63	6	0
63	7	0
63	8	0
63	9	0
63	10	1
63	11	1
63	12	3
63	13	2
63	14	5
63	15	4
63	16	8
63	17	9
63	18	17
63	19	21
63	20	36
63	21	34
63	22	49
63	23	80
63	24	114
63	25	126
63	26	162
63	27	259
63	28	269
63	29	330
63	30	525
63	31	541
63	32	626
63	33	768
63	34	1005
63	35	1015
63	36	1073
63	37	1477
63	38	1398
63	39	1592
63	40	1687
63	41	2001
63	42	1869
63	43	1910
63	44	2273
63	45	2000
63	46	2064
63	47	2029
63	48	2261
63	49	1981
63	50	1899
63	51	2037
63	52	1781
63	53	1588
63	54	1782
63	55	1394
63	56	1196
63	57	1072
63	58	1101
63	59	851
63	60	781
63	61	727
63	62	562
63	63	551
63	64	387
63	65	403
63	66	317
63	67	245
63	68	236
63	69	193
63	70	159
63	71	135
63	72	132
63	73	105
63	74	71
63	75	58
63	76	54
63	77	39
63	78	40
63	79	31
63	80	25
63	81	24
63	82	21
63	83	26
63	84	17
63	85	18
63	86	10
63	87	14
63	88	7
63	89	12
63	90	13
63	91	9
63	92	14
63	93	14
63	94	7
63	95	15
64	0	0
64	1	0
64	2	0
64	3	0
64	4	0
64	5	0
64	6	0
64	7	0
64	8	1
64	9	0
64	10	1
64	11	0
64	12	0
64	13	4
64	14	3
64	15	3
64	16	12
64	17	9
64	18	16
64	19	15
64	20	23
64	21	40
64	22	52
64	23	66
64	24	90
64	25	105
64	26	143
64	27	202
64	28	271
64	29	318
64	30	429
64	31	482
64	32	563
64	33	598
64	34	853
64	35	779
64	36	974
64	37	1209
64	38	1178
64	39	1305
64	40	1401
64	41	1721
64	42	1580
64	43	1640
64	44	1910
64	45	1698
64	46	1780
64	47	1769
64	48	2013
64	49	1829
64	50	1670
64	51	1879
64	52	1487
64	53	1454
64	54	1528
64	55	1260
64	56	1112
64	57	1028
64	58	1055
64	59	792
64	60	674
64	61	670
64	62	513
64	63	501
64	64	401
64	65	399
64	66	300
64	67	226
64	68	226
64	69	172
64	70	143
64	71	105
64	72	138
64	73	93
64	74	77
64	75	71
64	76	59
64	77	46
64	78	40
64	79	18
64	80	26
64	81	18
64	82	22
64	83	16
64	84	18
64	85	21
64	86	11
64	87	14
64	88	13
64	89	14
64	90	9
64	91	10
64	92	18
64	93	8
64	94	8
64	95	9
65	0	0
65	1	0
65	2	0
65	3	0
65	4	0
65	5	0
65	6	0
65	7	0
65	8	0
65	9	0
65	10	2
65	11	1
65	12	1
65	13	4
65	14	4
65	15	1
65	16	5
65	17	8
65	18	9
65	19	12
65	20	30
65	21	33
65	22	47
65	23	69
65	24	76
65	25	98
65	26	129
65	27	209
65	28	215
65	29	269
65	30	379
65	31	384
65	32	443
65	33	557
65	34	720
65	35	765
65	36	875
65	37	1162
65	38	1105
65	39	1165
65	40	1334
65	41	1552
65	42	1469
65	43	1499
65	44	1833
65	45	1716
65	46	1623
65	47	1710
65	48	1907
65	49	1685
65	50	1580
65	51	1790
65	52	1411
65	53	1403
65	54	1480
65	55	1152
65	56	1063
65	57	1002
65	58	973
65	59	804
65	60	631
65	61	640
65	62	501
65	63	465
65	64	422
65	65	391
65	66	259
65	67	273
65	68	188
65	69	177
65	70	151
65	71	123
65	72	109
65	73	85
65	74	73
65	75	65
65	76	48
65	77	38
65	78	44
65	79	34
65	80	26
65	81	26
65	82	25
65	83	21
65	84	18
65	85	25
65	86	19
65	87	11
65	88	15
65	89	9
65	90	19
65	91	6
65	92	14
65	93	10
65	94	6
65	95	10
66	0	0
66	1	0
66	2	0
66	3	0
66	4	0
66	5	0
66	6	0
66	7	1
66	8	0
66	9	0
66	10	0
66	11	2
66	12	1
66	13	1
66	14	4
66	15	4
66	16	7
66	17	11
66	18	11
66	19	15
66	20	18
66	21	22
66	22	37
66	23	51
66	24	75
66	25	97
66	26	104
66	27	174
66	28	176
66	29	200
66	30	318
66	31	349
66	32	436
66	33	453
66	34	670
66	35	649
66	36	751
66	37	1010
66	38	890
66	39	1000
66	40	1128
66	41	1440
66	42	1311
66	43	1386
66	44	1547
66	45	1456
66	46	1496
66	47	1454
66	48	1728
66	49	1553
66	50	1417
66	51	1554
66	52	1336
66	53	1250
66	54	1309
66	55	1061
66	56	986
66	57	968
66	58	940
66	59	678
66	60	608
66	61	679
66	62	484
66	63	425
66	64	389
66	65	355
66	66	259
66	67	249
66	68	203
66	69	157
66	70	126
66	71	108
66	72	118
66	73	92
66	74	75
66	75	63
66	76	38
66	77	35
66	78	33
66	79	25
66	80	26
66	81	26
66	82	19
66	83	25
66	84	18
66	85	17
66	86	17
66	87	7
66	88	14
66	89	14
66	90	9
66	91	6
66	92	9
66	93	7
66	94	9
66	95	13
67	0	0
67	1	0
67	2	0
67	3	0
67	4	0
67	5	0
67	6	0
67	7	0
67	8	0
67	9	1
67	10	1
67	11	0
67	12	2
67	13	1
67	14	1
67	15	4
67	16	3
67	17	7
67	18	12
67	19	14
67	20	23
67	21	20
67	22	34
67	23	32
67	24	61
67	25	67
67	26	97
67	27	104
67	28	150
67	29	193
67	30	271
67	31	273
67	32	336
67	33	388
67	34	585
67	35	547
67	36	610
67	37	865
67	38	812
67	39	861
67	40	947
67	41	1199
67	42	1174
67	43	1181
67	44	1395
67	45	1294
67	46	1280
67	47	1275
67	48	1487
67	49	1319
67	50	1249
67	51	1298
67	52	1147
67	53	1103
67	54	1203
67	55	932
67	56	851
67	57	743
67	58	833
67	59	678
67	60	613
67	61	627
67	62	422
67	63	356
67	64	366
67	65	304
67	66	297
67	67	244
67	68	179
67	69	143
67	70	121
67	71	99
67	72	117
67	73	74
67	74	57
67	75	64
67	76	49
67	77	33
67	78	29
67	79	35
67	80	19
67	81	15
67	82	15
67	83	13
67	84	17
67	85	16
67	86	15
67	87	11
67	88	11
67	89	4
67	90	11
67	91	15
67	92	10
67	93	13
67	94	8
67	95	12
68	0	0
68	1	0
68	2	0
68	3	0
68	4	0
68	5	0
68	6	0
68	7	0
68	8	0
68	9	0
68	10	0
68	11	1
68	12	0
68	13	0
68	14	0
68	15	0
68	16	3
68	17	6
68	18	8
68	19	4
68	20	17
68	21	20
68	22	28
68	23	41
68	24	50
68	25	72
68	26	78
68	27	115
68	28	125
68	29	138
68	30	232
68	31	283
68	32	313
68	33	328
68	34	456
68	35	447
68	36	589
68	37	754
68	38	745
68	39	774
68	40	869
68	41	1028
68	42	974
68	43	1012
68	44	1250
68	45	1084
68	46	1187
68	47	1220
68	48	1376
68	49	1174
68	50	1094
68	51	1278
68	52	1063
68	53	1003
68	54	1116
68	55	902
68	56	816
68	57	779
68	58	796
68	59	615
68	60	575
68	61	597
68	62	488
68	63	370
68	64	334
68	65	338
68	66	240
68	67	206
68	68	173
68	69	133
68	70	137
68	71	97
68	72	98
68	73	74
68	74	51
68	75	54
68	76	47
68	77	31
68	78	34
68	79	22
68	80	27
68	81	13
68	82	19
68	83	16
68	84	17
68	85	20
68	86	14
68	87	23
68	88	9
68	89	6
68	90	11
68	91	10
68	92	11
68	93	15
68	94	8
68	95	9
69	0	0
69	1	0
69	2	0
69	3	0
69	4	0
69	5	0
69	6	1
69	7	0
69	8	0
69	9	0
69	10	0
69	11	0
69	12	0
69	13	2
69	14	1
69	15	2
69	16	4
69	17	3
69	18	5
69	19	4
69	20	19
69	21	14
69	22	30
69	23	25
69	24	44
69	25	48
69	26	71
69	27	84
69	28	111
69	29	152
69	30	206
69	31	226
69	32	268
69	33	341
69	34	403
69	35	445
69	36	479
69	37	631
69	38	569
69	39	662
69	40	731
69	41	919
69	42	806
69	43	896
69	44	1072
69	45	988
69	46	1016
69	47	1007
69	48	1209
69	49	1059
69	50	996
69	51	1173
69	52	989
69	53	898
69	54	1002
69	55	810
69	56	718
69	57	706
69	58	696
69	59	539
69	60	511
69	61	536
69	62	379
69	63	330
69	64	317
69	65	329
69	66	235
69	67	211
69	68	199
69	69	130
69	70	130
69	71	98
69	72	102
69	73	68
69	74	66
69	75	62
69	76	40
69	77	27
69	78	31
69	79	29
69	80	27
69	81	22
69	82	17
69	83	17
69	84	12
69	85	13
69	86	7
69	87	9
69	88	10
69	89	20
69	90	8
69	91	6
69	92	10
69	93	11
69	94	9
69	95	10
70	0	0
70	1	0
70	2	0
70	3	0
70	4	0
70	5	0
70	6	0
70	7	0
70	8	0
70	9	0
70	10	0
70	11	0
70	12	0
70	13	0
70	14	1
70	15	3
70	16	0
70	17	6
70	18	4
70	19	5
70	20	6
70	21	9
70	22	15
70	23	21
70	24	33
70	25	42
70	26	58
70	27	90
70	28	100
70	29	110
70	30	166
70	31	187
70	32	224
70	33	261
70	34	336
70	35	292
70	36	424
70	37	506
70	38	527
70	39	575
70	40	694
70	41	801
70	42	741
70	43	769
70	44	943
70	45	809
70	46	860
70	47	860
70	48	1021
70	49	909
70	50	905
70	51	946
70	52	844
70	53	852
70	54	857
70	55	733
70	56	686
70	57	641
70	58	635
70	59	557
70	60	478
70	61	492
70	62	388
70	63	337
70	64	291
70	65	290
70	66	204
70	67	209
70	68	169
70	69	147
70	70	113
70	71	92
70	72	94
70	73	67
70	74	62
70	75	70
70	76	44
70	77	43
70	78	45
70	79	23
70	80	26
70	81	19
70	82	28
70	83	13
70	84	8
70	85	16
70	86	19
70	87	10
70	88	13
70	89	10
70	90	8
70	91	6
70	92	10
70	93	15
70	94	7
70	95	9
71	0	0
71	1	0
71	2	0
71	3	0
71	4	0
71	5	0
71	6	0
71	7	0
71	8	0
71	9	0
71	10	0
71	11	0
71	12	0
71	13	0
71	14	0
71	15	3
71	16	2
71	17	5
71	18	7
71	19	7
71	20	9
71	21	14
71	22	12
71	23	24
71	24	46
71	25	48
71	26	57
71	27	82
71	28	79
71	29	113
71	30	142
71	31	130
71	32	184
71	33	206
71	34	284
71	35	318
71	36	352
71	37	476
71	38	475
71	39	518
71	40	548
71	41	649
71	42	641
71	43	698
71	44	844
71	45	743
71	46	771
71	47	834
71	48	971
71	49	819
71	50	837
71	51	982
71	52	785
71	53	758
71	54	800
71	55	726
71	56	685
71	57	592
71	58	615
71	59	500
71	60	468
71	61	455
71	62	369
71	63	360
71	64	297
71	65	291
71	66	231
71	67	179
71	68	197
71	69	131
71	70	92
71	71	79
71	72	96
71	73	71
71	74	59
71	75	56
71	76	33
71	77	38
71	78	30
71	79	28
71	80	28
71	81	14
71	82	20
71	83	12
71	84	14
71	85	8
71	86	14
71	87	17
71	88	12
71	89	12
71	90	9
71	91	7
71	92	9
71	93	6
71	94	5
71	95	6
72	0	0
72	1	0
72	2	0
72	3	0
72	4	0
72	5	0
72	6	0
72	7	0
72	8	0
72	9	0
72	10	0
72	11	1
72	12	0
72	13	2
72	14	1
72	15	1
72	16	1
72	17	4
72	18	4
72	19	3
72	20	8
72	21	12
72	22	17
72	23	18
72	24	27
72	25	34
72	26	33
72	27	63
72	28	77
72	29	79
72	30	144
72	31	148
72	32	158
72	33	154
72	34	239
72	35	245
72	36	309
72	37	396
72	38	354
72	39	460
72	40	446
72	41	613
72	42	558
72	43	572
72	44	744
72	45	675
72	46	686
72	47	719
72	48	809
72	49	695
72	50	740
72	51	847
72	52	760
72	53	695
72	54	793
72	55	645
72	56	611
72	57	573
72	58	642
72	59	502
72	60	444
72	61	471
72	62	339
72	63	325
72	64	265
72	65	260
72	66	201
72	67	197
72	68	189
72	69	143
72	70	127
72	71	95
72	72	89
72	73	62
72	74	55
72	75	45
72	76	37
72	77	30
72	78	40
72	79	12
72	80	21
72	81	25
72	82	21
72	83	14
72	84	10
72	85	14
72	86	7
72	87	7
72	88	6
72	89	7
72	90	6
72	91	5
72	92	9
72	93	8
72	94	12
72	95	5
73	0	0
73	1	0
73	2	0
73	3	0
73	4	0
73	5	0
73	6	0
73	7	0
73	8	0
73	9	0
73	10	0
73	11	0
73	12	0
73	13	1
73	14	0
73	15	2
73	16	1
73	17	2
73	18	3
73	19	5
73	20	9
73	21	7
73	22	6
73	23	9
73	24	17
73	25	26
73	26	42
73	27	46
73	28	52
73	29	69
73	30	102
73	31	123
73	32	141
73	33	156
73	34	211
73	35	227
73	36	252
73	37	328
73	38	322
73	39	346
73	40	395
73	41	518
73	42	504
73	43	556
73	44	635
73	45	524
73	46	565
73	47	551
73	48	737
73	49	633
73	50	603
73	51	780
73	52	616
73	53	628
73	54	744
73	55	563
73	56	519
73	57	481
73	58	546
73	59	437
73	60	372
73	61	434
73	62	323
73	63	286
73	64	284
73	65	276
73	66	203
73	67	154
73	68	171
73	69	125
73	70	125
73	71	83
73	72	106
73	73	62
73	74	63
73	75	46
73	76	30
73	77	36
73	78	27
73	79	17
73	80	18
73	81	22
73	82	11
73	83	8
73	84	12
73	85	6
73	86	6
73	87	10
73	88	5
73	89	5
73	90	5
73	91	5
73	92	2
73	93	5
73	94	9
73	95	5
74	0	0
74	1	0
74	2	0
74	3	0
74	4	0
74	5	0
74	6	0
74	7	0
74	8	0
74	9	0
74	10	0
74	11	0
74	12	1
74	13	0
74	14	0
74	15	1
74	16	0
74	17	2
74	18	3
74	19	6
74	20	6
74	21	8
74	22	10
74	23	20
74	24	24
74	25	19
74	26	30
74	27	41
74	28	41
74	29	47
74	30	74
74	31	106
74	32	121
74	33	119
74	34	183
74	35	181
74	36	200
74	37	244
74	38	261
74	39	338
74	40	362
74	41	438
74	42	427
74	43	452
74	44	562
74	45	527
74	46	516
74	47	602
74	48	630
74	49	620
74	50	620
74	51	688
74	52	574
74	53	590
74	54	622
74	55	509
74	56	515
74	57	504
74	58	501
74	59	414
74	60	414
74	61	410
74	62	324
74	63	295
74	64	249
74	65	255
74	66	225
74	67	184
74	68	165
74	69	135
74	70	122
74	71	79
74	72	90
74	73	57
74	74	74
74	75	49
74	76	48
74	77	24
74	78	26
74	79	20
74	80	18
74	81	17
74	82	16
74	83	12
74	84	8
74	85	7
74	86	7
74	87	5
74	88	2
74	89	8
74	90	11
74	91	9
74	92	5
74	93	4
74	94	4
74	95	7
75	0	0
75	1	0
75	2	0
75	3	0
75	4	0
75	5	0
75	6	0
75	7	0
75	8	0
75	9	0
75	10	0
75	11	0
75	12	0
75	13	1
75	14	0
75	15	1
75	16	2
75	17	1
75	18	2
75	19	2
75	20	8
75	21	6
75	22	8
75	23	13
75	24	9
75	25	22
75	26	24
75	27	23
75	28	26
75	29	37
75	30	65
75	31	68
75	32	99
75	33	94
75	34	132
75	35	124
75	36	194
75	37	254
75	38	244
75	39	267
75	40	280
75	41	366
75	42	338
75	43	392
75	44	479
75	45	438
75	46	501
75	47	499
75	48	582
75	49	563
75	50	502
75	51	600
75	52	547
75	53	542
75	54	551
75	55	500
75	56	479
75	57	494
75	58	456
75	59	405
75	60	387
75	61	399
75	62	320
75	63	271
75	64	248
75	65	216
75	66	193
75	67	187
75	68	176
75	69	132
75	70	127
75	71	75
75	72	63
75	73	56
75	74	44
75	75	43
75	76	41
75	77	25
75	78	29
75	79	15
75	80	18
75	81	15
75	82	13
75	83	8
75	84	9
75	85	9
75	86	12
75	87	3
75	88	4
75	89	11
75	90	7
75	91	3
75	92	5
75	93	6
75	94	7
75	95	5
76	0	0
76	1	0
76	2	0
76	3	0
76	4	0
76	5	0
76	6	0
76	7	0
76	8	0
76	9	0
76	10	0
76	11	0
76	12	0
76	13	0
76	14	0
76	15	0
76	16	0
76	17	1
76	18	1
76	19	2
76	20	5
76	21	6
76	22	4
76	23	12
76	24	9
76	25	19
76	26	17
76	27	19
76	28	27
76	29	32
76	30	45
76	31	48
76	32	56
76	33	93
76	34	127
76	35	121
76	36	132
76	37	166
76	38	192
76	39	246
76	40	261
76	41	315
76	42	289
76	43	314
76	44	409
76	45	369
76	46	395
76	47	408
76	48	521
76	49	467
76	50	455
76	51	508
76	52	461
76	53	516
76	54	535
76	55	422
76	56	434
76	57	416
76	58	463
76	59	375
76	60	376
76	61	393
76	62	278
76	63	259
76	64	219
76	65	247
76	66	175
76	67	142
76	68	139
76	69	120
76	70	105
76	71	80
76	72	107
76	73	55
76	74	48
76	75	36
76	76	41
76	77	39
76	78	18
76	79	17
76	80	10
76	81	14
76	82	10
76	83	5
76	84	6
76	85	9
76	86	13
76	87	3
76	88	9
76	89	2
76	90	3
76	91	2
76	92	4
76	93	6
76	94	8
76	95	8
77	0	0
77	1	0
77	2	0
77	3	0
77	4	0
77	5	0
77	6	0
77	7	0
77	8	0
77	9	0
77	10	0
77	11	0
77	12	1
77	13	0
77	14	0
77	15	1
77	16	0
77	17	0
77	18	2
77	19	1
77	20	4
77	21	6
77	22	1
77	23	5
77	24	9
77	25	8
77	26	12
77	27	21
77	28	31
77	29	33
77	30	47
77	31	51
77	32	64
77	33	72
77	34	92
77	35	98
77	36	151
77	37	161
77	38	162
77	39	196
77	40	241
77	41	278
77	42	250
77	43	292
77	44	359
77	45	376
77	46	391
77	47	423
77	48	482
77	49	449
77	50	458
77	51	520
77	52	430
77	53	439
77	54	499
77	55	404
77	56	388
77	57	396
77	58	408
77	59	366
77	60	316
77	61	306
77	62	280
77	63	243
77	64	208
77	65	196
77	66	184
77	67	153
77	68	151
77	69	128
77	70	90
77	71	74
77	72	76
77	73	60
77	74	54
77	75	46
77	76	30
77	77	30
77	78	20
77	79	19
77	80	17
77	81	18
77	82	21
77	83	2
77	84	6
77	85	6
77	86	2
77	87	4
77	88	5
77	89	7
77	90	4
77	91	7
77	92	3
77	93	3
77	94	0
77	95	9
78	0	0
78	1	0
78	2	0
78	3	0
78	4	0
78	5	0
78	6	0
78	7	0
78	8	0
78	9	0
78	10	0
78	11	0
78	12	0
78	13	0
78	14	0
78	15	1
78	16	1
78	17	0
78	18	3
78	19	0
78	20	2
78	21	2
78	22	3
78	23	3
78	24	5
78	25	10
78	26	13
78	27	22
78	28	20
78	29	28
78	30	41
78	31	31
78	32	35
78	33	60
78	34	98
78	35	92
78	36	117
78	37	140
78	38	116
78	39	153
78	40	187
78	41	264
78	42	240
78	43	218
78	44	343
78	45	302
78	46	337
78	47	342
78	48	462
78	49	369
78	50	411
78	51	440
78	52	431
78	53	385
78	54	451
78	55	381
78	56	384
78	57	401
78	58	387
78	59	314
78	60	292
78	61	344
78	62	254
78	63	226
78	64	213
78	65	232
78	66	156
78	67	127
78	68	151
78	69	88
78	70	92
78	71	78
78	72	78
78	73	59
78	74	52
78	75	31
78	76	26
78	77	28
78	78	24
78	79	13
78	80	13
78	81	9
78	82	5
78	83	9
78	84	5
78	85	10
78	86	2
78	87	4
78	88	8
78	89	6
78	90	6
78	91	6
78	92	1
78	93	2
78	94	2
78	95	3
79	0	0
79	1	0
79	2	0
79	3	0
79	4	0
79	5	0
79	6	0
79	7	0
79	8	0
79	9	0
79	10	0
79	11	0
79	12	0
79	13	0
79	14	0
79	15	0
79	16	0
79	17	3
79	18	0
79	19	0
79	20	0
79	21	2
79	22	1
79	23	6
79	24	5
79	25	10
79	26	4
79	27	12
79	28	10
79	29	20
79	30	20
79	31	24
79	32	44
79	33	53
79	34	74
79	35	70
79	36	79
79	37	101
79	38	138
79	39	118
79	40	143
79	41	175
79	42	206
79	43	271
79	44	267
79	45	263
79	46	299
79	47	311
79	48	397
79	49	351
79	50	325
79	51	393
79	52	369
79	53	364
79	54	380
79	55	360
79	56	322
79	57	332
79	58	344
79	59	294
79	60	291
79	61	287
79	62	274
79	63	230
79	64	219
79	65	193
79	66	142
79	67	114
79	68	138
79	69	108
79	70	93
79	71	78
79	72	61
79	73	51
79	74	41
79	75	53
79	76	21
79	77	26
79	78	20
79	79	11
79	80	12
79	81	11
79	82	11
79	83	4
79	84	4
79	85	8
79	86	2
79	87	2
79	88	2
79	89	2
79	90	3
79	91	5
79	92	2
79	93	4
79	94	4
79	95	0
80	0	0
80	1	0
80	2	0
80	3	0
80	4	0
80	5	0
80	6	0
80	7	0
80	8	0
80	9	0
80	10	0
80	11	0
80	12	0
80	13	0
80	14	0
80	15	0
80	16	0
80	17	1
80	18	0
80	19	2
80	20	1
80	21	1
80	22	0
80	23	4
80	24	2
80	25	10
80	26	6
80	27	3
80	28	10
80	29	30
80	30	24
80	31	22
80	32	29
80	33	44
80	34	59
80	35	58
80	36	76
80	37	70
80	38	83
80	39	113
80	40	120
80	41	180
80	42	173
80	43	181
80	44	209
80	45	214
80	46	258
80	47	286
80	48	310
80	49	280
80	50	296
80	51	332
80	52	294
80	53	338
80	54	396
80	55	306
80	56	302
80	57	273
80	58	335
80	59	253
80	60	239
80	61	274
80	62	195
80	63	190
80	64	180
80	65	177
80	66	144
80	67	141
80	68	134
80	69	103
80	70	83
80	71	67
80	72	66
80	73	66
80	74	39
80	75	44
80	76	33
80	77	29
80	78	19
80	79	10
80	80	17
80	81	13
80	82	7
80	83	3
80	84	6
80	85	5
80	86	3
80	87	3
80	88	3
80	89	1
80	90	3
80	91	1
80	92	3
80	93	5
80	94	7
80	95	1
81	0	0
81	1	0
81	2	0
81	3	0
81	4	0
81	5	0
81	6	0
81	7	0
81	8	0
81	9	0
81	10	0
81	11	0
81	12	0
81	13	0
81	14	0
81	15	2
81	16	0
81	17	0
81	18	0
81	19	0
81	20	0
81	21	1
81	22	2
81	23	1
81	24	0
81	25	3
81	26	4
81	27	10
81	28	6
81	29	14
81	30	20
81	31	17
81	32	27
81	33	33
81	34	45
81	35	52
81	36	55
81	37	87
81	38	77
81	39	102
81	40	104
81	41	135
81	42	158
81	43	181
81	44	199
81	45	193
81	46	208
81	47	240
81	48	247
81	49	246
81	50	298
81	51	322
81	52	329
81	53	317
81	54	332
81	55	300
81	56	255
81	57	269
81	58	295
81	59	266
81	60	241
81	61	298
81	62	213
81	63	202
81	64	151
81	65	190
81	66	130
81	67	114
81	68	113
81	69	83
81	70	78
81	71	79
81	72	61
81	73	56
81	74	48
81	75	30
81	76	30
81	77	26
81	78	21
81	79	15
81	80	9
81	81	13
81	82	11
81	83	5
81	84	4
81	85	5
81	86	3
81	87	3
81	88	3
81	89	1
81	90	0
81	91	4
81	92	5
81	93	2
81	94	4
81	95	0
82	0	0
82	1	0
82	2	0
82	3	0
82	4	0
82	5	0
82	6	0
82	7	0
82	8	0
82	9	0
82	10	0
82	11	0
82	12	0
82	13	0
82	14	0
82	15	0
82	16	0
82	17	0
82	18	0
82	19	1
82	20	1
82	21	1
82	22	1
82	23	2
82	24	6
82	25	3
82	26	7
82	27	8
82	28	3
82	29	15
82	30	10
82	31	16
82	32	23
82	33	33
82	34	38
82	35	40
82	36	51
82	37	65
82	38	61
82	39	67
82	40	86
82	41	131
82	42	125
82	43	133
82	44	176
82	45	152
82	46	198
82	47	226
82	48	274
82	49	228
82	50	225
82	51	294
82	52	280
82	53	255
82	54	285
82	55	300
82	56	236
82	57	243
82	58	273
82	59	237
82	60	211
82	61	197
82	62	184
82	63	180
82	64	166
82	65	149
82	66	116
82	67	127
82	68	112
82	69	87
82	70	76
82	71	66
82	72	67
82	73	37
82	74	31
82	75	39
82	76	32
82	77	26
82	78	17
82	79	14
82	80	15
82	81	8
82	82	11
82	83	6
82	84	7
82	85	3
82	86	2
82	87	0
82	88	1
82	89	2
82	90	3
82	91	1
82	92	2
82	93	1
82	94	5
82	95	1
83	0	0
83	1	0
83	2	0
83	3	0
83	4	0
83	5	0
83	6	0
83	7	0
83	8	0
83	9	0
83	10	0
83	11	0
83	12	0
83	13	0
83	14	0
83	15	0
83	16	0
83	17	0
83	18	1
83	19	0
83	20	0
83	21	1
83	22	1
83	23	2
83	24	2
83	25	1
83	26	5
83	27	6
83	28	10
83	29	7
83	30	15
83	31	11
83	32	13
83	33	20
83	34	31
83	35	27
83	36	36
83	37	61
83	38	59
83	39	51
83	40	89
83	41	89
83	42	111
83	43	122
83	44	150
83	45	128
83	46	155
83	47	181
83	48	212
83	49	199
83	50	195
83	51	250
83	52	220
83	53	214
83	54	247
83	55	213
83	56	216
83	57	237
83	58	244
83	59	225
83	60	198
83	61	208
83	62	189
83	63	146
83	64	105
83	65	149
83	66	125
83	67	105
83	68	96
83	69	76
83	70	78
83	71	63
83	72	56
83	73	48
83	74	32
83	75	34
83	76	27
83	77	20
83	78	16
83	79	21
83	80	5
83	81	9
83	82	2
83	83	1
83	84	4
83	85	8
83	86	1
83	87	5
83	88	2
83	89	2
83	90	0
83	91	2
83	92	3
83	93	3
83	94	1
83	95	3
84	0	0
84	1	0
84	2	0
84	3	0
84	4	0
84	5	0
84	6	0
84	7	0
84	8	0
84	9	0
84	10	0
84	11	0
84	12	0
84	13	0
84	14	0
84	15	0
84	16	0
84	17	0
84	18	0
84	19	1
84	20	0
84	21	0
84	22	0
84	23	2
84	24	3
84	25	3
84	26	4
84	27	6
84	28	6
84	29	7
84	30	6
84	31	12
84	32	11
84	33	17
84	34	22
84	35	21
84	36	32
84	37	42
84	38	43
84	39	52
84	40	69
84	41	107
84	42	93
84	43	93
84	44	141
84	45	111
84	46	145
84	47	140
84	48	161
84	49	177
84	50	179
84	51	228
84	52	209
84	53	198
84	54	229
84	55	212
84	56	226
84	57	214
84	58	228
84	59	183
84	60	168
84	61	200
84	62	155
84	63	139
84	64	130
84	65	150
84	66	109
84	67	95
84	68	98
84	69	76
84	70	60
84	71	58
84	72	58
84	73	39
84	74	32
84	75	35
84	76	29
84	77	19
84	78	16
84	79	11
84	80	6
84	81	4
84	82	6
84	83	3
84	84	5
84	85	5
84	86	1
84	87	1
84	88	4
84	89	2
84	90	0
84	91	3
84	92	1
84	93	2
84	94	1
84	95	1
85	0	0
85	1	0
85	2	0
85	3	0
85	4	0
85	5	0
85	6	0
85	7	0
85	8	0
85	9	0
85	10	1
85	11	0
85	12	0
85	13	0
85	14	0
85	15	0
85	16	0
85	17	0
85	18	0
85	19	0
85	20	1
85	21	1
85	22	1
85	23	0
85	24	0
85	25	1
85	26	5
85	27	2
85	28	9
85	29	10
85	30	13
85	31	9
85	32	11
85	33	16
85	34	14
85	35	20
85	36	26
85	37	40
85	38	38
85	39	51
85	40	61
85	41	63
85	42	81
85	43	74
85	44	109
85	45	105
85	46	112
85	47	137
85	48	138
85	49	145
85	50	156
85	51	209
85	52	158
85	53	177
85	54	203
85	55	189
85	56	166
85	57	178
85	58	225
85	59	182
85	60	151
85	61	173
85	62	167
85	63	129
85	64	143
85	65	138
85	66	98
85	67	88
85	68	104
85	69	55
85	70	62
85	71	47
85	72	55
85	73	40
85	74	38
85	75	26
85	76	21
85	77	15
85	78	21
85	79	10
85	80	6
85	81	7
85	82	3
85	83	4
85	84	3
85	85	1
85	86	2
85	87	3
85	88	1
85	89	3
85	90	1
85	91	1
85	92	1
85	93	1
85	94	1
85	95	0
86	0	0
86	1	0
86	2	0
86	3	0
86	4	0
86	5	0
86	6	0
86	7	0
86	8	0
86	9	0
86	10	0
86	11	0
86	12	0
86	13	0
86	14	0
86	15	0
86	16	0
86	17	0
86	18	0
86	19	0
86	20	1
86	21	1
86	22	0
86	23	1
86	24	1
86	25	1
86	26	4
86	27	2
86	28	3
86	29	4
86	30	4
86	31	6
86	32	7
86	33	10
86	34	16
86	35	24
86	36	21
86	37	34
86	38	32
86	39	47
86	40	51
86	41	61
86	42	69
86	43	71
86	44	89
86	45	100
86	46	112
86	47	104
86	48	155
86	49	136
86	50	122
86	51	150
86	52	147
86	53	161
86	54	195
86	55	155
86	56	158
86	57	156
86	58	174
86	59	152
86	60	130
86	61	141
86	62	143
86	63	109
86	64	122
86	65	121
86	66	99
86	67	75
86	68	81
86	69	47
86	70	61
86	71	40
86	72	49
86	73	31
86	74	34
86	75	27
86	76	24
86	77	10
86	78	20
86	79	10
86	80	11
86	81	8
86	82	2
86	83	6
86	84	3
86	85	0
86	86	3
86	87	2
86	88	6
86	89	1
86	90	6
86	91	3
86	92	1
86	93	0
86	94	3
86	95	0
87	0	0
87	1	0
87	2	0
87	3	0
87	4	0
87	5	0
87	6	0
87	7	0
87	8	0
87	9	0
87	10	0
87	11	0
87	12	0
87	13	0
87	14	0
87	15	0
87	16	0
87	17	0
87	18	0
87	19	1
87	20	0
87	21	0
87	22	1
87	23	1
87	24	1
87	25	1
87	26	1
87	27	3
87	28	1
87	29	2
87	30	4
87	31	6
87	32	4
87	33	11
87	34	12
87	35	14
87	36	26
87	37	29
87	38	23
87	39	33
87	40	39
87	41	64
87	42	69
87	43	61
87	44	73
87	45	76
87	46	101
87	47	90
87	48	115
87	49	97
87	50	115
87	51	150
87	52	134
87	53	122
87	54	140
87	55	145
87	56	131
87	57	128
87	58	153
87	59	126
87	60	124
87	61	136
87	62	111
87	63	98
87	64	106
87	65	96
87	66	86
87	67	59
87	68	72
87	69	45
87	70	71
87	71	46
87	72	60
87	73	48
87	74	26
87	75	29
87	76	17
87	77	20
87	78	10
87	79	9
87	80	6
87	81	2
87	82	4
87	83	3
87	84	3
87	85	2
87	86	1
87	87	1
87	88	1
87	89	0
87	90	2
87	91	0
87	92	3
87	93	0
87	94	0
87	95	2
88	0	0
88	1	0
88	2	0
88	3	0
88	4	0
88	5	0
88	6	0
88	7	0
88	8	0
88	9	0
88	10	0
88	11	0
88	12	0
88	13	0
88	14	0
88	15	0
88	16	1
88	17	1
88	18	0
88	19	0
88	20	0
88	21	1
88	22	1
88	23	0
88	24	1
88	25	0
88	26	1
88	27	0
88	28	4
88	29	2
88	30	6
88	31	6
88	32	4
88	33	6
88	34	16
88	35	18
88	36	16
88	37	19
88	38	18
88	39	20
88	40	26
88	41	31
88	42	46
88	43	54
88	44	77
88	45	61
88	46	75
88	47	79
88	48	107
88	49	102
88	50	104
88	51	121
88	52	102
88	53	107
88	54	148
88	55	113
88	56	122
88	57	110
88	58	130
88	59	124
88	60	102
88	61	128
88	62	103
88	63	99
88	64	100
88	65	88
88	66	75
88	67	60
88	68	81
88	69	54
88	70	48
88	71	35
88	72	50
88	73	26
88	74	35
88	75	20
88	76	15
88	77	12
88	78	9
88	79	9
88	80	13
88	81	6
88	82	6
88	83	7
88	84	2
88	85	1
88	86	0
88	87	0
88	88	6
88	89	2
88	90	0
88	91	0
88	92	0
88	93	1
88	94	0
88	95	0
89	0	0
89	1	0
89	2	0
89	3	0
89	4	0
89	5	0
89	6	0
89	7	0
89	8	0
89	9	0
89	10	0
89	11	0
89	12	0
89	13	0
89	14	0
89	15	0
89	16	0
89	17	0
89	18	1
89	19	0
89	20	0
89	21	0
89	22	0
89	23	1
89	24	0
89	25	0
89	26	1
89	27	2
89	28	3
89	29	2
89	30	6
89	31	3
89	32	7
89	33	7
89	34	5
89	35	8
89	36	13
89	37	15
89	38	22
89	39	21
89	40	19
89	41	32
89	42	43
89	43	42
89	44	47
89	45	60
89	46	64
89	47	63
89	48	72
89	49	80
89	50	94
89	51	93
89	52	89
89	53	100
89	54	124
89	55	100
89	56	116
89	57	99
89	58	127
89	59	87
89	60	89
89	61	93
89	62	97
89	63	91
89	64	69
89	65	72
89	66	60
89	67	59
89	68	56
89	69	49
89	70	36
89	71	43
89	72	37
89	73	19
89	74	35
89	75	28
89	76	15
89	77	15
89	78	7
89	79	6
89	80	6
89	81	6
89	82	6
89	83	2
89	84	3
89	85	2
89	86	0
89	87	2
89	88	0
89	89	0
89	90	4
89	91	0
89	92	0
89	93	0
89	94	0
89	95	0
90	0	0
90	1	0
90	2	0
90	3	0
90	4	0
90	5	0
90	6	0
90	7	0
90	8	0
90	9	0
90	10	0
90	11	0
90	12	0
90	13	0
90	14	0
90	15	0
90	16	0
90	17	0
90	18	0
90	19	0
90	20	1
90	21	0
90	22	0
90	23	0
90	24	0
90	25	1
90	26	0
90	27	1
90	28	1
90	29	1
90	30	3
90	31	2
90	32	4
90	33	3
90	34	11
90	35	7
90	36	14
90	37	12
90	38	21
90	39	20
90	40	21
90	41	34
90	42	22
90	43	41
90	44	49
90	45	36
90	46	50
90	47	57
90	48	59
90	49	70
90	50	90
90	51	57
90	52	76
90	53	61
90	54	105
90	55	90
90	56	86
90	57	89
90	58	94
90	59	89
90	60	81
90	61	92
90	62	56
90	63	79
90	64	81
90	65	74
90	66	67
90	67	54
90	68	48
90	69	44
90	70	38
90	71	26
90	72	29
90	73	24
90	74	14
90	75	19
90	76	18
90	77	8
90	78	13
90	79	5
90	80	7
90	81	5
90	82	7
90	83	2
90	84	2
90	85	3
90	86	1
90	87	4
90	88	0
90	89	2
90	90	0
90	91	1
90	92	0
90	93	1
90	94	0
90	95	1
91	0	0
91	1	0
91	2	0
91	3	0
91	4	0
91	5	0
91	6	0
91	7	0
91	8	0
91	9	0
91	10	0
91	11	0
91	12	0
91	13	0
91	14	0
91	15	0
91	16	0
91	17	0
91	18	0
91	19	0
91	20	0
91	21	0
91	22	0
91	23	1
91	24	1
91	25	1
91	26	0
91	27	1
91	28	0
91	29	1
91	30	3
91	31	1
91	32	1
91	33	7
91	34	2
91	35	8
91	36	11
91	37	15
91	38	8
91	39	14
91	40	24
91	41	17
91	42	14
91	43	27
91	44	38
91	45	35
91	46	46
91	47	44
91	48	67
91	49	47
91	50	72
91	51	80
91	52	63
91	53	72
91	54	91
91	55	72
91	56	78
91	57	77
91	58	88
91	59	77
91	60	59
91	61	100
91	62	70
91	63	58
91	64	51
91	65	67
91	66	46
91	67	38
91	68	46
91	69	47
91	70	36
91	71	30
91	72	29
91	73	16
91	74	24
91	75	20
91	76	17
91	77	9
91	78	6
91	79	6
91	80	3
91	81	1
91	82	6
91	83	3
91	84	1
91	85	1
91	86	0
91	87	1
91	88	0
91	89	0
91	90	1
91	91	1
91	92	0
91	93	0
91	94	0
91	95	0
92	0	0
92	1	0
92	2	0
92	3	0
92	4	0
92	5	0
92	6	0
92	7	0
92	8	0
92	9	0
92	10	0
92	11	0
92	12	0
92	13	0
92	14	0
92	15	0
92	16	0
92	17	0
92	18	0
92	19	0
92	20	0
92	21	0
92	22	0
92	23	0
92	24	0
92	25	1
92	26	0
92	27	0
92	28	1
92	29	2
92	30	1
92	31	1
92	32	0
92	33	3
92	34	6
92	35	5
92	36	12
92	37	9
92	38	13
92	39	9
92	40	17
92	41	16
92	42	32
92	43	21
92	44	26
92	45	26
92	46	29
92	47	38
92	48	60
92	49	49
92	50	46
92	51	72
92	52	65
92	53	66
92	54	69
92	55	63
92	56	69
92	57	59
92	58	75
92	59	65
92	60	62
92	61	66
92	62	45
92	63	44
92	64	34
92	65	44
92	66	40
92	67	42
92	68	48
92	69	35
92	70	30
92	71	27
92	72	31
92	73	16
92	74	15
92	75	9
92	76	9
92	77	13
92	78	7
92	79	5
92	80	5
92	81	8
92	82	0
92	83	3
92	84	1
92	85	2
92	86	0
92	87	0
92	88	0
92	89	0
92	90	0
92	91	0
92	92	0
92	93	0
92	94	0
92	95	0
93	0	0
93	1	0
93	2	0
93	3	0
93	4	0
93	5	0
93	6	0
93	7	0
93	8	0
93	9	0
93	10	0
93	11	0
93	12	0
93	13	0
93	14	0
93	15	0
93	16	0
93	17	0
93	18	0
93	19	0
93	20	0
93	21	0
93	22	0
93	23	0
93	24	0
93	25	0
93	26	0
93	27	0
93	28	1
93	29	0
93	30	3
93	31	0
93	32	4
93	33	2
93	34	4
93	35	5
93	36	7
93	37	10
93	38	4
93	39	11
93	40	9
93	41	18
93	42	18
93	43	17
93	44	30
93	45	19
93	46	31
93	47	32
93	48	49
93	49	43
93	50	40
93	51	47
93	52	49
93	53	48
93	54	60
93	55	60
93	56	56
93	57	63
93	58	69
93	59	38
93	60	51
93	61	57
93	62	39
93	63	44
93	64	51
93	65	46
93	66	33
93	67	27
93	68	28
93	69	27
93	70	21
93	71	29
93	72	16
93	73	22
93	74	12
93	75	12
93	76	10
93	77	7
93	78	11
93	79	3
93	80	6
93	81	3
93	82	1
93	83	3
93	84	0
93	85	0
93	86	2
93	87	0
93	88	0
93	89	1
93	90	1
93	91	0
93	92	2
93	93	1
93	94	1
93	95	0
94	0	0
94	1	0
94	2	0
94	3	0
94	4	0
94	5	0
94	6	0
94	7	0
94	8	0
94	9	0
94	10	0
94	11	0
94	12	0
94	13	0
94	14	0
94	15	0
94	16	0
94	17	0
94	18	0
94	19	0
94	20	0
94	21	0
94	22	0
94	23	0
94	24	0
94	25	0
94	26	0
94	27	1
94	28	0
94	29	1
94	30	0
94	31	0
94	32	0
94	33	2
94	34	3
94	35	7
94	36	2
94	37	2
94	38	6
94	39	8
94	40	11
94	41	13
94	42	16
94	43	17
94	44	20
94	45	23
94	46	31
94	47	26
94	48	32
94	49	31
94	50	39
94	51	53
94	52	42
94	53	50
94	54	44
94	55	52
94	56	53
94	57	44
94	58	55
94	59	48
94	60	47
94	61	47
94	62	39
94	63	37
94	64	45
94	65	46
94	66	33
94	67	32
94	68	28
94	69	23
94	70	15
94	71	20
94	72	24
94	73	13
94	74	11
94	75	12
94	76	8
94	77	9
94	78	7
94	79	6
94	80	4
94	81	8
94	82	3
94	83	3
94	84	2
94	85	0
94	86	2
94	87	1
94	88	1
94	89	0
94	90	0
94	91	0
94	92	0
94	93	1
94	94	0
94	95	0
95	0	0
95	1	0
95	2	0
95	3	0
95	4	0
95	5	0
95	6	0
95	7	0
95	8	0
95	9	0
95	10	0
95	11	0
95	12	0
95	13	0
95	14	0
95	15	0
95	16	0
95	17	0
95	18	0
95	19	0
95	20	0
95	21	0
95	22	0
95	23	0
95	24	1
95	25	0
95	26	0
95	27	0
95	28	1
95	29	1
95	30	0
95	31	3
95	32	2
95	33	2
95	34	2
95	35	2
95	36	5
95	37	10
95	38	3
95	39	4
95	40	3
95	41	9
95	42	6
95	43	27
95	44	18
95	45	21
95	46	20
95	47	18
95	48	41
95	49	30
95	50	22
95	51	41
95	52	44
95	53	41
95	54	51
95	55	39
95	56	26
95	57	32
95	58	49
95	59	46
95	60	27
95	61	40
95	62	43
95	63	31
95	64	36
95	65	34
95	66	20
95	67	28
95	68	28
95	69	21
95	70	16
95	71	17
95	72	24
95	73	7
95	74	15
95	75	11
95	76	12
95	77	7
95	78	8
95	79	8
95	80	6
95	81	3
95	82	1
95	83	6
95	84	3
95	85	1
95	86	2
95	87	2
95	88	0
95	89	0
95	90	1
95	91	0
95	92	0
95	93	0
95	94	0
95	95	1
