leiden_morph,Forebrain / Midbrain,Hindbrain,Floor Plate,Intermediate-Ventral Spinal Cord,Dorsal Spinal Cord,Roof Plate,Neural Crest,Immature Neuron,Posterior NT,NMP,Notochord,Presomitic Mesoderm,Early Somite,Mature Somite,Intermediate Mesoderm,Lateral Plate Mesoderm,Endothelial,Non-Neural Ectoderm
Forebrain / Midbrain,0.7404813895905998,0.34561935047929127,0.28388762958186153,0.3525195806821222,0.36534408952476227,0.18522445500350043,0.06875466226823344,-0.0034423806169567943,0.10013180825903459,-0.0037464939966690247,-0.11195766806857728,0.006019553223411273,0.04423364968331065,0.07637638037659966,0.09851860308087772,0.05287504432342347,0.0392810731819154,0.07414389189780893
Hindbrain,0.5890623635349355,0.6983292358476975,0.5454875174310927,0.6698563426783343,0.6176132695663528,0.2347604685376293,0.11679128557077384,0.18378740994877102,0.024009184155619017,-0.06917322503284289,-0.05272205905254113,-0.056328167032385454,0.06919356475282396,0.09198008662760492,-0.018764888609177216,0.05088809798975262,0.037336784835158204,-0.05477041405510614
Floor Plate,0.09309518152044352,0.12899603540337312,0.5551174605650796,0.20501377431070675,0.1206865708346379,0.03153955918893121,-0.0015433184665914214,-0.03578356825175296,0.21680624129992587,0.16629158651207543,0.06360105804565085,0.1462742920319576,0.061496810189077794,0.10056134715950035,0.1269806424403688,0.017326036200465203,0.031670845173232945,-0.012007357556546323
Intermediate-Ventral Spinal Cord,0.5374216063175148,0.6770660216440808,0.620417002397817,0.8093919863551315,0.6359475492437746,0.2112036215866324,0.10577484000555776,0.11994189665511652,0.1945365509016349,0.05570156610681424,-0.06361326750125461,0.07491817569032955,0.07189316796856528,0.1327741553551961,0.12041265978755002,0.0747989450347128,0.04033656433723067,-0.050103341380122804
Dorsal Spinal Cord,0.4057492864285533,0.5512627562547848,0.5124780298784704,0.6602279165917362,0.7285770021944645,0.488331646113565,0.10878683237595602,0.04047062934392269,0.40333370233756843,0.24006317733157148,-0.08236470525588649,0.27531666161146573,0.11911949225129635,0.2239965311620918,0.32646476756603815,0.13097894190888176,0.10128941092302292,-0.0026233623266383233
Roof Plate,0.3093079350776606,0.3812773713271833,0.3457615581634121,0.4272728559362736,0.6889270903370982,0.7451029054655276,0.16108714157082304,-0.0039536879733057815,0.2732434527247712,0.1656491734940074,-0.06526040174603062,0.1887387894803018,0.06438600779057271,0.17674329291398724,0.25031557830796014,0.13724379473113252,0.13472761987873064,0.0185575650090891
Neural Crest,0.10831535159991233,0.2120997198310893,0.15703872361711224,0.24315610198507523,0.27237321127447167,0.19988244060610436,0.8069782823016339,0.012852904111133068,0.0821117424552613,-0.002718480930999535,-0.07478059737342921,0.042137341516406766,0.02076717820200594,0.11540633100087128,0.06884593612124795,0.0398142091256111,0.12530535130532597,0.04568741403650983
Immature Neuron,-0.04529664935628429,0.04328022184492051,-0.06300233429601503,0.05140434610192683,-0.023367302537821866,-0.11846394131899547,-0.11773931512111775,0.7672962522379216,-0.09155661329433065,-0.14061779195784355,-0.21452598311875098,-0.08473872212117,-0.09850458469977288,-0.22639888731010507,-0.18854112668585268,-0.28069972738475796,-0.189177653364719,-0.22693943883104012
Posterior Neural Tube,0.2555124505874465,0.2861703606436764,0.3844077656676543,0.49709851611166156,0.38926922122323504,0.19309775924175707,0.06520871661764095,-0.007227963944936535,0.7190674908288407,0.5410094076254273,-0.06256289128514299,0.5347055112306088,0.15190667308143893,0.1988066365775674,0.49642141188917754,0.09636477488079316,0.07976919270182954,-0.019514470837153075
Neuromesodermal Progenitors,0.13096585548071876,0.1490702981514629,0.22157691287353787,0.30442667101434084,0.22585244162589488,0.10570701098291786,0.026687653185748342,-0.043607644192782395,0.4612400423718137,0.5754903031151617,0.23766948585710132,0.5067159969984647,0.087009325533663,0.08778129143336295,0.31049018560980834,0.02516808453616491,0.024566237711775272,-0.034064051798239126
Notochord,-0.043815357598551305,-0.0345495406174615,0.28232596091965667,-0.055905152154508385,-0.07395465192587543,0.023572156803848877,-0.05662239318846305,-0.13738163758692634,0.03810965761659368,0.16023552373927358,0.8308216995168696,0.06534723128848274,0.014611307714574726,-0.005555871368141857,-0.031193175952602074,-0.055049318035279286,-0.02763385440968955,-0.04419404454195727
Presomitic Mesoderm,-0.04048874804130396,-0.02091606894371783,0.04304793162386683,0.06000392876386933,0.00554979751801455,-0.016630786637225618,-0.046703882704637364,-0.08835928765700755,0.1536444972894467,0.12300334396975207,-0.02791537157838369,0.24106082643930235,0.11241567476627896,0.15701999038192432,0.16824386136083225,0.028552886121340288,0.03570146028610651,-0.033652709906328654
Early Somite,-0.054755681617883425,-0.03960325934564304,0.029746250343761823,0.06387074214754294,-0.008633887012431994,-0.022271104619326364,-0.06087305444938373,-0.03675873512664914,0.15200475053947762,0.13026273909733607,-0.002521755484250744,0.32729183332733586,0.6583877774443267,0.27687215610669313,0.12755043175957467,-0.015447244346979024,0.04034423181526855,-0.04909249611814171
Mature Somite,0.1381435413405501,0.11985785257247109,0.2217687046088889,0.22163671746812125,0.16562328059812587,0.09927794496631896,0.04564900782318274,-0.06297481126008382,0.1271422295969806,0.04395271510955718,-0.02765872244472505,0.14924441175070013,0.4133237158437259,0.7829027807651547,0.15070044978737454,0.1583535462302023,0.20369370180760554,-0.01876426360789506
Intermediate Mesoderm,0.059523959835938806,0.08283599376345697,0.1774758895116812,0.2261192339041795,0.2331129148979649,0.18100504326841255,0.04197369656360798,-0.07157921007148037,0.3051969187411788,0.20700943543755923,-0.060302196738733035,0.31232763528902086,0.20063062192960807,0.37760379464905935,0.5267468405312958,0.21747232408946846,0.21362365556240628,0.03329424243648258
Lateral Plate Mesoderm,-0.06435483963721993,-0.09748999461902853,-0.01550524310777549,-0.042419232705734784,-0.022566209713045886,0.09590099691805629,-0.06198340656128788,-0.20627291856752294,0.005004354577777405,-0.04492250393120138,-0.017783525841050134,0.03525704547912799,0.07784486422870009,0.24823367269844443,0.25566070638171934,0.7607252227563137,0.3732204263401072,0.12850284365903905
Endothelial,-0.04572156140205608,-0.054631149731408826,-0.00645366282111551,-0.03406215132258257,-0.017364623410622646,0.06453841827293806,0.03891494465694525,-0.03819985567288698,-0.037294506149668956,-0.04499736118831584,0.02182705201911971,-0.04380809237179779,0.015311667573007066,0.16823166585897234,0.06524952562236112,0.2577184876866545,0.6502072710786553,0.06208257459812387
Non-Neural Ectoderm,-0.0544531007361912,-0.05152405251751176,-0.02722120933191677,-0.03665285246704135,-0.01596258534482145,0.07805125209136257,-0.04011393262841851,-0.14382352633596882,0.041536408619990396,0.002767374485644654,0.000142130304723634,0.030620362827470365,0.049687806181500725,-0.018512545889112882,0.20374797881616713,0.2339301528935661,0.17861800431723085,0.8126123316371646
