marker_key	bin_index	bin_center_um	mean_fraction	std_fraction	mean_intensity_fraction	std_intensity_fraction	mean_intensity_all_fraction	std_intensity_all_fraction	mean_soft_intensity_fraction	std_soft_intensity_fraction	n_organoids
mesp2	0	8.894567339046851	0.5643663038324442	0.11870564135612983	0.13120056684797193	0.03850748018729138	0.12895378255979714	0.03643057858404131	0.13816700915467425	0.047075960966481256	28
mesp2	1	26.683702017140554	0.5100997315987564	0.16277022655948215	0.1334398395611277	0.0393546919193352	0.13044023945335148	0.03764347682854351	0.1403476425037489	0.048825873509383465	67
mesp2	2	44.47283669523426	0.5073812296706226	0.16318172707540085	0.12876575055177547	0.032328235916794845	0.12617904916303224	0.031141388366807635	0.1347308878890632	0.038483023023831164	67
mesp2	3	62.26197137332796	0.5030668438655992	0.1596762914762692	0.11972097354511944	0.02265973451745925	0.11750176898467836	0.022456743809867123	0.12270578296627468	0.025536428410840546	67
mesp2	4	80.05110605142167	0.486030174437699	0.155521480490136	0.10737106445554429	0.019201064055636916	0.10612629741708098	0.018631758865092767	0.10784537266952093	0.02409430983370416	67
mesp2	5	97.84024072951536	0.4583445076819302	0.15693956575699997	0.09190880973230796	0.022010264111675976	0.09180617248111633	0.01969843828067073	0.08949283344727157	0.028218692600317084	67
mesp2	6	115.62937540760907	0.4259284876593848	0.16559270300724968	0.07553722315767429	0.02504846465626433	0.07640584760179828	0.022053890555741806	0.07128456931666785	0.029586622813369125	67
mesp2	7	133.41851008570276	0.38769774017708913	0.1692480016962223	0.05963244328165489	0.027431114542297862	0.06132814259245518	0.025398912081843722	0.05531323041903026	0.03226151149021934	67
mesp2	8	151.20764476379648	0.33793823690842795	0.1817282961713699	0.0430549431167782	0.02826090592257287	0.045617138195314835	0.027661526785995372	0.03896905809222556	0.033039233632787705	67
mesp2	9	168.99677944189017	0.26507998649369785	0.18685746872191114	0.026913154561819842	0.027680313715431944	0.029625970620301888	0.028102404233055055	0.02324308831358308	0.031024114404805663	67
mesp2	10	186.7859141199839	0.17503869158626553	0.17400267933625524	0.01464765946383598	0.024519459927299092	0.016865452137799154	0.025837718951228224	0.012422037522670596	0.026852067965025397	67
mesp2	11	204.57504879807757	0.09584884971763949	0.14597080178726993	0.007055775286350341	0.019894271258431923	0.008573444847096455	0.0212792065264515	0.006058693593902348	0.02086114821296864	65
mesp2	12	222.3641834761713	0.05203833170818159	0.11562021534260918	0.0029327693913663625	0.010779287376023853	0.003678144229654227	0.011712408258967157	0.002389211141277688	0.009877673237029054	57
mesp2	13	240.15331815426498	0.031560872356445877	0.09279160189162325	0.0010641625575823878	0.005425990245024471	0.0012861171901071297	0.005321898602185838	0.0007518085580535399	0.00397144159658823	47
mesp2	14	257.9424528323587	0.017902637665668228	0.06342759996841234	0.00045094849873580516	0.0028714469473552448	0.00048006361647331795	0.0032771359650852375	0.0002864531810720127	0.0017102206577498875	37
mesp2	15	275.7315875104524	0.012049767559030342	0.0431310210143324	0.00019145639718398853	0.0012773065468422383	0.00021775752319294723	0.002116296849768684	9.807604921685786e-05	0.0005993219833472225	26
mesp2	16	293.5207221885461	0.010230034440593347	0.025498345685348044	0.00011390458902316455	0.0008393705662140885	0.00016206100396359236	0.0016511071454981693	8.724864938792533e-05	0.0006783749769004299	18
mesp2	17	311.30985686663985	0.024216441181882237	0.048733882166803986	6.073787024943677e-05	0.00046597943588659867	9.07905856464753e-05	0.0010276043754564096	5.5588692532969146e-05	0.0004392961696729727	8
mesp2	18	329.0989915447335	0.0026396436799196793	0.0052792873598393585	1.2408968044847052e-05	9.88208765864229e-05	2.5688935694887917e-05	0.0003781963608261405	9.086060967886012e-06	7.340182198187362e-05	5
mesp2	19	346.88812622282717	4.763796561372643e-05	6.737025705479504e-05	6.307894588417562e-08	5.124557788869962e-07	2.5435653323498967e-06	0.00010814016093860613	1.4495834770775365e-08	1.1776471838503634e-07	3
mesp2	20	364.67726090092094	0.0	0.0	0.0	0.0	4.250003270012866e-06	8.175257463016624e-05	0.0	0.0	2
mesp2	21	382.4663955790146	0.0	0.0	0.0	0.0	-4.599687992895008e-07	8.48307751677366e-05	0.0	0.0	2
mesp2	22	400.25553025710826	0.0	0.0	0.0	0.0	3.8032996024893353e-06	4.985218019198329e-05	0.0	0.0	2
mesp2	23	418.04466493520204	0.0	0.0	0.0	0.0	3.808241373474951e-06	2.503628015118424e-05	0.0	0.0	1
foxf1	0	8.894567339046851	0.3690992066515792	0.23629852345255445	0.0415111117984242	0.026930833416372688	0.057205233905848016	0.02260637925836112	0.028303076077452197	0.029231640084992908	28
foxf1	1	26.683702017140554	0.2825794901149402	0.22478425305542782	0.045125078211348535	0.032194971955973456	0.07210830520728523	0.02785218892217372	0.032076736140662025	0.033160665850913984	67
foxf1	2	44.47283669523426	0.29238017864441124	0.2219968102628454	0.050315276954988386	0.03160584665060916	0.07408403716366772	0.027640358357124653	0.037657135725597035	0.03248497760921419	67
foxf1	3	62.26197137332796	0.3038469992002677	0.21814762262516182	0.05816878566731715	0.033902139999837023	0.07650954823794469	0.02680742124761904	0.04713489244956657	0.03535894361337841	67
foxf1	4	80.05110605142167	0.3195465557253788	0.2151679255321912	0.07281318288140755	0.04354832088951318	0.07946103420461208	0.0255031203118771	0.06419380324219848	0.04501201798126769	67
foxf1	5	97.84024072951536	0.33741048848851946	0.215730049713679	0.09118529890634154	0.0738259874817316	0.08218702686962336	0.023862504374655653	0.08823848076110988	0.08015526882610478	67
foxf1	6	115.62937540760907	0.35829650196299745	0.2180162019242296	0.09226617624762097	0.048015897187339514	0.08217080570259959	0.020575186994123768	0.09344382342918232	0.050253614510583466	67
foxf1	7	133.41851008570276	0.37909117542948545	0.21947566352039827	0.09169290220216607	0.04028599033768973	0.07915056449392925	0.0168394328918909	0.09781612875908252	0.04526766046817465	67
foxf1	8	151.20764476379648	0.4051774491642472	0.22500070641927694	0.08498576999506148	0.028735475219776322	0.07291245747183368	0.015524271487930749	0.09252619781840915	0.03947388733676025	67
foxf1	9	168.99677944189017	0.43691149462192774	0.24960105601184393	0.07597871884136043	0.03047980947185779	0.06415877155522959	0.019920749958232294	0.0838785599478538	0.037619306831269725	67
foxf1	10	186.7859141199839	0.46412176757500023	0.2784413901285241	0.06491645456191104	0.035386493903133	0.05379304284124954	0.02470649362732403	0.07301808156043736	0.043562719336822514	67
foxf1	11	204.57504879807757	0.48430048846621016	0.3074109486699803	0.053246601426210335	0.039591594837335375	0.043432598526985965	0.027166970619419417	0.061804367105716095	0.04889263905512302	65
foxf1	12	222.3641834761713	0.573905975230522	0.2968249609573905	0.041997721033737744	0.03976164563864385	0.03285581997970167	0.027429268168581347	0.0506888631606944	0.04944912988972232	57
foxf1	13	240.15331815426498	0.5987986474370695	0.3169721028087331	0.03114726653676326	0.03809309230664708	0.023595719749158334	0.0262964732159265	0.038142816080722175	0.04846981863127824	47
foxf1	14	257.9424528323587	0.6510462022987664	0.3252657863444575	0.0220169169750545	0.033172049021894225	0.016423556815618492	0.023179334500569138	0.025892831517773107	0.03992449799641931	37
foxf1	15	275.7315875104524	0.7092508501864734	0.28182961455028904	0.013845116880451817	0.025605090317229812	0.010484498029803961	0.01874206210433252	0.015482340957914401	0.029939834702006802	26
foxf1	16	293.5207221885461	0.6307548953511382	0.30257458374313323	0.0077066665585122434	0.019396799698492687	0.006086664868367514	0.015091259168967237	0.00831926184432855	0.021397956882314828	18
foxf1	17	311.30985686663985	0.7574639723207512	0.25156039877121844	0.004003521686080799	0.014984550854574218	0.0033353384181093364	0.012036505213020562	0.004128795655280787	0.015888906120805475	8
foxf1	18	329.0989915447335	0.6965562620086353	0.2463035302766181	0.002234636294637548	0.012341194142352694	0.0019038082961979701	0.009812327531215918	0.002215383102247645	0.012792781847465004	5
foxf1	19	346.88812622282717	0.5017821959101633	0.31498466956890986	0.0014568130671753783	0.010391215357090462	0.001234275232501533	0.008181921980395109	0.0014221479042975335	0.01048443661113524	3
foxf1	20	364.67726090092094	0.2803022139782871	0.2745881146531854	0.0015897010674494143	0.00978685259097228	0.0013399779682669434	0.007701431971898438	0.001484462350406181	0.009149595234229438	2
foxf1	21	382.4663955790146	0.2534150304914012	0.2534150304914012	0.0007014087497701912	0.0043237739188883295	0.0006543380319252143	0.00362429750306643	0.0005401565687285564	0.00332969373856872	2
foxf1	22	400.25553025710826	0.1134203496636602	0.1134203496636602	0.00011601285263849696	0.000715151253329127	0.00017036051881545397	0.0008214314296954356	4.42631536793818e-05	0.0002728348297966344	2
foxf1	23	418.04466493520204	0.0	0.0	1.979320303468117e-07	1.2201349795059666e-06	2.2481672140973217e-05	0.0001117805884932178	2.7399076465986183e-08	1.6889925063534294e-07	1
pax8	0	8.894567339046851	0.2016932998069223	0.21791517495193855	0.057978432284830204	0.05537799074253081	0.08243236142643642	0.017524237002572933	0.05348104899497157	0.06815393745774831	28
pax8	1	26.683702017140554	0.2019800797954037	0.1924935437416384	0.06311129800163919	0.045795382284918695	0.09067526269534722	0.020475464964583176	0.054515134603399434	0.054896004323890586	67
pax8	2	44.47283669523426	0.21357268975872426	0.1826616251252213	0.07089352534751124	0.04029927601991729	0.0917702099470211	0.019965688045565897	0.062266261909544485	0.04842305146600035	67
pax8	3	62.26197137332796	0.23037529544417557	0.17426733748361184	0.08076672240632458	0.0362219688967544	0.09261813886362966	0.019112015483264674	0.07507357378718194	0.04440138099463014	67
pax8	4	80.05110605142167	0.25150732546261445	0.17098641284321467	0.09166671483973841	0.0365351431852713	0.0930796473543682	0.017633412364907546	0.09075833639785777	0.04805544054799175	67
pax8	5	97.84024072951536	0.2769218208530317	0.1722665866245748	0.10250563655458238	0.03890913667421179	0.09193250093691212	0.015361426030321037	0.10553842807543573	0.04911636531508998	67
pax8	6	115.62937540760907	0.2988512140760495	0.17427567146675316	0.108406023556121	0.04372144931570552	0.08783715644970072	0.013896013150387165	0.11687398171577114	0.057615714997968415	67
pax8	7	133.41851008570276	0.31889617389960734	0.18674753735795147	0.10472567360531423	0.04419397602374966	0.08010561748317878	0.01443263635186885	0.11423043462816793	0.05930515036952869	67
pax8	8	151.20764476379648	0.33188919282584617	0.2121854317427521	0.09017260419608424	0.039320981804637174	0.06916941600239979	0.016273623106034387	0.09630522941887566	0.0542034361943241	67
pax8	9	168.99677944189017	0.315455692331286	0.22838287156411727	0.06816735189667673	0.03935143240780498	0.055258768394911444	0.01914320113824753	0.07223258594244024	0.05135703938236949	67
pax8	10	186.7859141199839	0.2697017708055375	0.2487907895689076	0.045051435546720996	0.03992497970947483	0.03950597022821496	0.021062686442637583	0.04726790480360728	0.048435152057044226	67
pax8	11	204.57504879807757	0.22389234064269367	0.2661293882577661	0.0276265927695809	0.034428828054784734	0.025929290871600726	0.019521321648584795	0.027896773583033857	0.041099704983506916	65
pax8	12	222.3641834761713	0.1825543862033443	0.24251942792264647	0.015212689196798603	0.02480284138410953	0.015709558394730858	0.015479104408383276	0.014517890496550322	0.029101494926290102	57
pax8	13	240.15331815426498	0.13684479081880846	0.2164942953298497	0.007498857065420377	0.016651047227334632	0.008922134122779745	0.011178760653505898	0.0065679023600639375	0.017294323620070936	47
pax8	14	257.9424528323587	0.09537891853687148	0.1759467903927691	0.003702011071219615	0.012913484763738747	0.005019643204588569	0.008706143180243769	0.003353911339775479	0.015144747306317869	37
pax8	15	275.7315875104524	0.056286668042898065	0.1494452756616681	0.001973981023729025	0.012204549963145996	0.002890578998931811	0.0074795428273271534	0.002319001569032904	0.016717406197045686	26
pax8	16	293.5207221885461	0.04611009785977614	0.17478453065973265	0.0014275630266850261	0.011118465416799126	0.0017297824593574336	0.006464642345603748	0.0017838755282418657	0.014131790266240795	18
pax8	17	311.30985686663985	0.0805596867789526	0.21310164944093926	0.0009903131940612664	0.007860131426489843	0.0010659535128691774	0.005015992635121329	0.0010356050286841533	0.008219843175533119	8
pax8	18	329.0989915447335	0.07217648638936887	0.14435297277873774	0.0004822102289478598	0.00382742503634267	0.0006398325966961955	0.0034478190657293664	0.0004198954147618499	0.0033328165323485235	5
pax8	19	346.88812622282717	0.053412712072204306	0.07553698181564047	0.00017642330003860953	0.0014003165321384782	0.00037237906908269935	0.0021708940409111365	0.00012017882178921171	0.000953889825933014	3
pax8	20	364.67726090092094	0.027218272645655607	0.027218272645655607	8.385625121034263e-05	0.0004961002724720307	0.00034396935526145856	0.0016733356709034502	3.362799773825434e-05	0.00019894591756540616	2
pax8	21	382.4663955790146	0.0023716239283206636	0.0023716239283206636	4.948989729023315e-06	2.9278618082642478e-05	0.0001709751637015775	0.0007742142229011423	9.079272273268263e-07	5.371369914113927e-06	2
pax8	22	400.25553025710826	0.0	0.0	0.0	0.0	5.81292944796242e-05	0.00023969832407554864	0.0	0.0	2
pax8	23	418.04466493520204	0.0	0.0	0.0	0.0	1.414992686220871e-05	7.798378645391656e-05	0.0	0.0	1
