position_label	reporter	metric_name	halfmax_time_hours
Pos0	RFP	organoid_mean_intensity_z	10.828912419114326
Pos0	YFP	organoid_mean_intensity_z	54.03569188767289
Pos1	RFP	organoid_mean_intensity_z	19.39108728712536
Pos1	YFP	organoid_mean_intensity_z	21.403587600837465
Pos10	RFP	organoid_mean_intensity_z	12.501651518470071
Pos10	YFP	organoid_mean_intensity_z	35.85230417937521
Pos11	RFP	organoid_mean_intensity_z	13.910909077084995
Pos11	YFP	organoid_mean_intensity_z	54.85121490180881
Pos12	RFP	organoid_mean_intensity_z	11.331275246418482
Pos12	YFP	organoid_mean_intensity_z	51.29184685229324
Pos13	RFP	organoid_mean_intensity_z	9.022543010068706
Pos13	YFP	organoid_mean_intensity_z	53.18757068755355
Pos14	RFP	organoid_mean_intensity_z	19.161149742077342
Pos14	YFP	organoid_mean_intensity_z	34.32862925824593
Pos15	RFP	organoid_mean_intensity_z	21.78913197893008
Pos15	YFP	organoid_mean_intensity_z	28.900476916688557
Pos16	RFP	organoid_mean_intensity_z	15.233809550402011
Pos16	YFP	organoid_mean_intensity_z	46.036034642476224
Pos17	RFP	organoid_mean_intensity_z	12.546617268098185
Pos17	YFP	organoid_mean_intensity_z	42.30152089068998
Pos18	RFP	organoid_mean_intensity_z	11.369038129436962
Pos18	YFP	organoid_mean_intensity_z	58.80075849507958
Pos19	RFP	organoid_mean_intensity_z	9.70685050166814
Pos19	YFP	organoid_mean_intensity_z	56.71651696065862
Pos2	RFP	organoid_mean_intensity_z	16.731296834550328
Pos2	YFP	organoid_mean_intensity_z	25.777283924664115
Pos20	RFP	organoid_mean_intensity_z	13.017346892965215
Pos20	YFP	organoid_mean_intensity_z	54.7734586347413
Pos21	RFP	organoid_mean_intensity_z	9.815932640608553
Pos21	YFP	organoid_mean_intensity_z	7.355141393990301
Pos22	RFP	organoid_mean_intensity_z	12.734289966293362
Pos22	YFP	organoid_mean_intensity_z	29.99245610517877
Pos23	RFP	organoid_mean_intensity_z	13.974408538149483
Pos23	YFP	organoid_mean_intensity_z	49.48595280811222
Pos24	RFP	organoid_mean_intensity_z	14.134063134405165
Pos24	YFP	organoid_mean_intensity_z	17.849805689626322
Pos25	RFP	organoid_mean_intensity_z	15.81042618080183
Pos25	YFP	organoid_mean_intensity_z	23.133845025500374
Pos26	RFP	organoid_mean_intensity_z	11.861474632809998
Pos26	YFP	organoid_mean_intensity_z	37.751660061140264
Pos27	RFP	organoid_mean_intensity_z	9.4146272812235
Pos27	YFP	organoid_mean_intensity_z	59.04935821026614
Pos28	RFP	organoid_mean_intensity_z	12.66406485984383
Pos28	YFP	organoid_mean_intensity_z	60.348990128818315
Pos29	RFP	organoid_mean_intensity_z	18.404380508440944
Pos29	YFP	organoid_mean_intensity_z	64.04465653233375
Pos3	RFP	organoid_mean_intensity_z	17.85461798672375
Pos3	YFP	organoid_mean_intensity_z	35.3766606761298
Pos30	RFP	organoid_mean_intensity_z	13.556995243429926
Pos30	YFP	organoid_mean_intensity_z	51.23589093474787
Pos31	RFP	organoid_mean_intensity_z	6.498978879300809
Pos31	YFP	organoid_mean_intensity_z	58.09109387818528
Pos32	RFP	organoid_mean_intensity_z	10.933981665373704
Pos32	YFP	organoid_mean_intensity_z	59.76080060645669
Pos33	RFP	organoid_mean_intensity_z	15.853447206937771
Pos33	YFP	organoid_mean_intensity_z	64.82247954107916
Pos34	RFP	organoid_mean_intensity_z	11.859264415842961
Pos34	YFP	organoid_mean_intensity_z	4.391291777149457
Pos35	RFP	organoid_mean_intensity_z	11.1464794032179
Pos35	YFP	organoid_mean_intensity_z	58.539969523765684
Pos36	RFP	organoid_mean_intensity_z	9.63514894250706
Pos36	YFP	organoid_mean_intensity_z	3.005149885127306
Pos37	RFP	organoid_mean_intensity_z	14.158135274101642
Pos37	YFP	organoid_mean_intensity_z	52.140353672057415
Pos38	RFP	organoid_mean_intensity_z	15.794384534728163
Pos38	YFP	organoid_mean_intensity_z	37.482609623564485
Pos39	RFP	organoid_mean_intensity_z	12.923428335312877
Pos39	YFP	organoid_mean_intensity_z	35.40542197506634
Pos4	RFP	organoid_mean_intensity_z	15.31088906809779
Pos4	YFP	organoid_mean_intensity_z	41.968466846366645
Pos40	RFP	organoid_mean_intensity_z	8.431887453423824
Pos40	YFP	organoid_mean_intensity_z	58.449036696997666
Pos41	RFP	organoid_mean_intensity_z	14.890318425698979
Pos41	YFP	organoid_mean_intensity_z	55.2879398279699
Pos42	RFP	organoid_mean_intensity_z	10.868418354225621
Pos42	YFP	organoid_mean_intensity_z	53.77611442765454
Pos43	RFP	organoid_mean_intensity_z	10.220470031780758
Pos43	YFP	organoid_mean_intensity_z	15.70557953913125
Pos44	RFP	organoid_mean_intensity_z	11.39439042461646
Pos44	YFP	organoid_mean_intensity_z	56.651188048746405
Pos45	RFP	organoid_mean_intensity_z	16.18891587189456
Pos45	YFP	organoid_mean_intensity_z	59.962557526062284
Pos46	RFP	organoid_mean_intensity_z	10.675066164491081
Pos46	YFP	organoid_mean_intensity_z	66.84263129912861
Pos47	RFP	organoid_mean_intensity_z	16.09631572114881
Pos47	YFP	organoid_mean_intensity_z	13.04261792843157
Pos48	RFP	organoid_mean_intensity_z	25.91298093739931
Pos48	YFP	organoid_mean_intensity_z	23.007640043255467
Pos49	RFP	organoid_mean_intensity_z	17.64638515180352
Pos49	YFP	organoid_mean_intensity_z	24.228212731203715
Pos5	RFP	organoid_mean_intensity_z	13.16936909645402
Pos5	YFP	organoid_mean_intensity_z	53.88720383277777
Pos50	RFP	organoid_mean_intensity_z	11.873240324365566
Pos50	YFP	organoid_mean_intensity_z	18.648290728928256
Pos51	RFP	organoid_mean_intensity_z	10.778925793579818
Pos51	YFP	organoid_mean_intensity_z	20.100706247141495
Pos52	RFP	organoid_mean_intensity_z	9.427407917754524
Pos52	YFP	organoid_mean_intensity_z	61.39676002661507
Pos53	RFP	organoid_mean_intensity_z	16.96751453730779
Pos53	YFP	organoid_mean_intensity_z	36.319184808331705
Pos54	RFP	organoid_mean_intensity_z	16.221703751039797
Pos54	YFP	organoid_mean_intensity_z	61.73660404995648
Pos55	RFP	organoid_mean_intensity_z	21.496328091677974
Pos55	YFP	organoid_mean_intensity_z	40.295261712876744
Pos56	RFP	organoid_mean_intensity_z	16.751130807589124
Pos56	YFP	organoid_mean_intensity_z	2.944684545018696
Pos57	RFP	organoid_mean_intensity_z	19.335312402522366
Pos57	YFP	organoid_mean_intensity_z	27.732092990835536
Pos58	RFP	organoid_mean_intensity_z	16.60848747286647
Pos58	YFP	organoid_mean_intensity_z	40.90956467509656
Pos59	RFP	organoid_mean_intensity_z	16.545034627259497
Pos59	YFP	organoid_mean_intensity_z	22.625132805232646
Pos6	RFP	organoid_mean_intensity_z	19.59952958251997
Pos6	YFP	organoid_mean_intensity_z	36.70498103970508
Pos60	RFP	organoid_mean_intensity_z	13.62480496624287
Pos60	YFP	organoid_mean_intensity_z	22.180712009247994
Pos61	RFP	organoid_mean_intensity_z	18.268334207227326
Pos61	YFP	organoid_mean_intensity_z	36.52371716300939
Pos62	RFP	organoid_mean_intensity_z	9.476119318844479
Pos62	YFP	organoid_mean_intensity_z	58.421739361911605
Pos63	RFP	organoid_mean_intensity_z	15.852868303175283
Pos63	YFP	organoid_mean_intensity_z	14.452777862510038
Pos64	RFP	organoid_mean_intensity_z	20.575669582251738
Pos64	YFP	organoid_mean_intensity_z	46.397878476318596
Pos7	RFP	organoid_mean_intensity_z	15.321785881017304
Pos7	YFP	organoid_mean_intensity_z	33.81461915825615
Pos8	RFP	organoid_mean_intensity_z	25.63254464772954
Pos8	YFP	organoid_mean_intensity_z	21.676835313690383
Pos9	RFP	organoid_mean_intensity_z	14.74398270980036
Pos9	YFP	organoid_mean_intensity_z	32.78451379582796
Pos0	RFP	positive_fraction_sigma2	11.26547344076276
Pos0	YFP	positive_fraction_sigma2	56.91677767736271
Pos1	RFP	positive_fraction_sigma2	17.67420378735806
Pos1	YFP	positive_fraction_sigma2	25.246015911301615
Pos10	RFP	positive_fraction_sigma2	5.087715583977462
Pos10	YFP	positive_fraction_sigma2	26.017309829434353
Pos11	RFP	positive_fraction_sigma2	7.016326594980207
Pos11	YFP	positive_fraction_sigma2	49.36421519384486
Pos12	RFP	positive_fraction_sigma2	11.085691303555418
Pos12	YFP	positive_fraction_sigma2	60.20292149599978
Pos13	RFP	positive_fraction_sigma2	6.9369142035839975
Pos13	YFP	positive_fraction_sigma2	49.57711805553487
Pos14	RFP	positive_fraction_sigma2	4.741311021181278
Pos14	YFP	positive_fraction_sigma2	25.596378364657888
Pos15	RFP	positive_fraction_sigma2	7.772253312750375
Pos15	YFP	positive_fraction_sigma2	16.769672323205878
Pos16	RFP	positive_fraction_sigma2	4.719904786417419
Pos16	YFP	positive_fraction_sigma2	47.03315155719998
Pos17	RFP	positive_fraction_sigma2	4.346715426860401
Pos17	YFP	positive_fraction_sigma2	35.96478791979469
Pos18	RFP	positive_fraction_sigma2	9.06516571870588
Pos18	YFP	positive_fraction_sigma2	48.84257032549824
Pos19	RFP	positive_fraction_sigma2	9.515509733639146
Pos19	YFP	positive_fraction_sigma2	57.640801922432274
Pos2	RFP	positive_fraction_sigma2	9.200399593474112
Pos2	YFP	positive_fraction_sigma2	26.373633446325567
Pos20	RFP	positive_fraction_sigma2	10.473042243283986
Pos20	YFP	positive_fraction_sigma2	52.22296536625323
Pos21	RFP	positive_fraction_sigma2	5.235820605836122
Pos21	YFP	positive_fraction_sigma2	37.8885274347966
Pos22	RFP	positive_fraction_sigma2	3.9704641694230216
Pos22	YFP	positive_fraction_sigma2	8.964068568723526
Pos23	RFP	positive_fraction_sigma2	9.261420437289775
Pos23	YFP	positive_fraction_sigma2	58.22407309302962
Pos24	RFP	positive_fraction_sigma2	5.647846655730885
Pos24	YFP	positive_fraction_sigma2	61.34249784797501
Pos25	RFP	positive_fraction_sigma2	5.174081355448542
Pos25	YFP	positive_fraction_sigma2	16.44746965078496
Pos26	RFP	positive_fraction_sigma2	4.683147700311824
Pos26	YFP	positive_fraction_sigma2	49.668052052980535
Pos27	RFP	positive_fraction_sigma2	7.333654473472442
Pos27	YFP	positive_fraction_sigma2	58.54981655592089
Pos28	RFP	positive_fraction_sigma2	14.035277453252204
Pos28	YFP	positive_fraction_sigma2	57.108404969531435
Pos29	RFP	positive_fraction_sigma2	15.131307924175958
Pos29	YFP	positive_fraction_sigma2	55.33361047578362
Pos3	RFP	positive_fraction_sigma2	4.93067986693431
Pos3	YFP	positive_fraction_sigma2	14.99906223646991
Pos30	RFP	positive_fraction_sigma2	12.053614085618797
Pos30	YFP	positive_fraction_sigma2	54.836240250324
Pos31	RFP	positive_fraction_sigma2	4.901619198643152
Pos31	YFP	positive_fraction_sigma2	58.27177803066104
Pos32	RFP	positive_fraction_sigma2	9.749699812260255
Pos32	YFP	positive_fraction_sigma2	60.780131597145676
Pos33	RFP	positive_fraction_sigma2	0.0
Pos33	YFP	positive_fraction_sigma2	47.638323927026605
Pos34	RFP	positive_fraction_sigma2	9.43357730637118
Pos34	YFP	positive_fraction_sigma2	55.09068133283299
Pos35	RFP	positive_fraction_sigma2	10.363637627395638
Pos35	YFP	positive_fraction_sigma2	54.31347140421999
Pos36	RFP	positive_fraction_sigma2	6.611732342000169
Pos36	YFP	positive_fraction_sigma2	51.38517737313499
Pos37	RFP	positive_fraction_sigma2	3.060047408318786
Pos37	YFP	positive_fraction_sigma2	57.169249395829866
Pos38	RFP	positive_fraction_sigma2	11.805379990005262
Pos38	YFP	positive_fraction_sigma2	34.524286849785696
Pos39	RFP	positive_fraction_sigma2	6.643275015319589
Pos39	YFP	positive_fraction_sigma2	25.32291785941641
Pos4	RFP	positive_fraction_sigma2	7.2842247286948325
Pos4	YFP	positive_fraction_sigma2	44.00197694168058
Pos40	RFP	positive_fraction_sigma2	7.325171173977082
Pos40	YFP	positive_fraction_sigma2	59.40254774496891
Pos41	RFP	positive_fraction_sigma2	11.284886565542573
Pos41	YFP	positive_fraction_sigma2	29.503670733941508
Pos42	RFP	positive_fraction_sigma2	11.137247572684997
Pos42	YFP	positive_fraction_sigma2	52.585897536839
Pos43	RFP	positive_fraction_sigma2	6.730421250692542
Pos43	YFP	positive_fraction_sigma2	59.27712735556839
Pos44	RFP	positive_fraction_sigma2	9.365456779468987
Pos44	YFP	positive_fraction_sigma2	59.318132955420786
Pos45	RFP	positive_fraction_sigma2	12.013277128102665
Pos45	YFP	positive_fraction_sigma2	28.53352948315723
Pos46	RFP	positive_fraction_sigma2	10.482208401649975
Pos46	YFP	positive_fraction_sigma2	55.0492331869165
Pos47	RFP	positive_fraction_sigma2	4.813473517169521
Pos47	YFP	positive_fraction_sigma2	6.665457006771778
Pos48	RFP	positive_fraction_sigma2	8.575910023274284
Pos48	YFP	positive_fraction_sigma2	14.946893129201367
Pos49	RFP	positive_fraction_sigma2	7.675008421777211
Pos49	YFP	positive_fraction_sigma2	22.72729514434686
Pos5	RFP	positive_fraction_sigma2	5.349654477661291
Pos5	YFP	positive_fraction_sigma2	56.04359929045434
Pos50	RFP	positive_fraction_sigma2	7.655793001507731
Pos50	YFP	positive_fraction_sigma2	38.673931311026905
Pos51	RFP	positive_fraction_sigma2	3.7420493631039773
Pos51	YFP	positive_fraction_sigma2	23.108597493750544
Pos52	RFP	positive_fraction_sigma2	8.163785508321517
Pos52	YFP	positive_fraction_sigma2	44.52405426201019
Pos53	RFP	positive_fraction_sigma2	4.3036780027790975
Pos53	YFP	positive_fraction_sigma2	8.715552560492139
Pos54	RFP	positive_fraction_sigma2	15.24527008393354
Pos54	YFP	positive_fraction_sigma2	57.285168776586985
Pos55	RFP	positive_fraction_sigma2	7.968005098368555
Pos55	YFP	positive_fraction_sigma2	18.146949797914175
Pos56	RFP	positive_fraction_sigma2	14.622175641981059
Pos56	YFP	positive_fraction_sigma2	61.61794468044623
Pos57	RFP	positive_fraction_sigma2	4.532425155933473
Pos57	YFP	positive_fraction_sigma2	4.319840378557883
Pos58	RFP	positive_fraction_sigma2	6.286787715896577
Pos58	YFP	positive_fraction_sigma2	10.580053543987638
Pos59	RFP	positive_fraction_sigma2	3.394793351380486
Pos59	YFP	positive_fraction_sigma2	3.8427775993118276
Pos6	RFP	positive_fraction_sigma2	8.494822759621847
Pos6	YFP	positive_fraction_sigma2	36.5355471834516
Pos60	RFP	positive_fraction_sigma2	9.693046121138254
Pos60	YFP	positive_fraction_sigma2	53.63505442476659
Pos61	RFP	positive_fraction_sigma2	8.148678028261523
Pos61	YFP	positive_fraction_sigma2	23.950440091682598
Pos62	RFP	positive_fraction_sigma2	7.725016532035009
Pos62	YFP	positive_fraction_sigma2	56.521500201973204
Pos63	RFP	positive_fraction_sigma2	12.225994686309573
Pos63	YFP	positive_fraction_sigma2	21.588608088188302
Pos64	RFP	positive_fraction_sigma2	8.491716368754226
Pos64	YFP	positive_fraction_sigma2	36.60287619014745
Pos7	RFP	positive_fraction_sigma2	6.474226027290623
Pos7	YFP	positive_fraction_sigma2	6.625006105517176
Pos8	RFP	positive_fraction_sigma2	5.367275157956046
Pos8	YFP	positive_fraction_sigma2	9.117617706479841
Pos9	RFP	positive_fraction_sigma2	8.96126584513575
Pos9	YFP	positive_fraction_sigma2	32.53753854034228
Pos0	RFP	positive_fraction_sigma3	12.951970221451763
Pos0	YFP	positive_fraction_sigma3	59.00926402837947
Pos1	RFP	positive_fraction_sigma3	21.281496668203072
Pos1	YFP	positive_fraction_sigma3	28.751960760127645
Pos10	RFP	positive_fraction_sigma3	6.646324024995304
Pos10	YFP	positive_fraction_sigma3	42.92286589195572
Pos11	RFP	positive_fraction_sigma3	8.138824895511943
Pos11	YFP	positive_fraction_sigma3	55.145892431361695
Pos12	RFP	positive_fraction_sigma3	12.694042312672806
Pos12	YFP	positive_fraction_sigma3	64.74883190700554
Pos13	RFP	positive_fraction_sigma3	8.536725968498775
Pos13	YFP	positive_fraction_sigma3	55.40844940017274
Pos14	RFP	positive_fraction_sigma3	5.704751653835781
Pos14	YFP	positive_fraction_sigma3	28.498290198470222
Pos15	RFP	positive_fraction_sigma3	9.604160177720148
Pos15	YFP	positive_fraction_sigma3	20.67124269314208
Pos16	RFP	positive_fraction_sigma3	6.445943811380143
Pos16	YFP	positive_fraction_sigma3	37.195485932307975
Pos17	RFP	positive_fraction_sigma3	5.397983077945977
Pos17	YFP	positive_fraction_sigma3	46.643195255681036
Pos18	RFP	positive_fraction_sigma3	10.103785090315494
Pos18	YFP	positive_fraction_sigma3	55.647653109183054
Pos19	RFP	positive_fraction_sigma3	9.803856436698341
Pos19	YFP	positive_fraction_sigma3	62.207894165543486
Pos2	RFP	positive_fraction_sigma3	11.310470239587753
Pos2	YFP	positive_fraction_sigma3	32.908815822639646
Pos20	RFP	positive_fraction_sigma3	12.849848014549162
Pos20	YFP	positive_fraction_sigma3	56.70594448395488
Pos21	RFP	positive_fraction_sigma3	5.498290091172713
Pos21	YFP	positive_fraction_sigma3	36.12204611142437
Pos22	RFP	positive_fraction_sigma3	3.9357027084308465
Pos22	YFP	positive_fraction_sigma3	10.288056766079736
Pos23	RFP	positive_fraction_sigma3	9.983854778632955
Pos23	YFP	positive_fraction_sigma3	59.003643648188536
Pos24	RFP	positive_fraction_sigma3	6.53575443181962
Pos24	YFP	positive_fraction_sigma3	62.97001891717656
Pos25	RFP	positive_fraction_sigma3	5.250662596764217
Pos25	YFP	positive_fraction_sigma3	24.76022759737844
Pos26	RFP	positive_fraction_sigma3	4.76263444319623
Pos26	YFP	positive_fraction_sigma3	58.60493429764297
Pos27	RFP	positive_fraction_sigma3	8.291540719591245
Pos27	YFP	positive_fraction_sigma3	51.5582165032728
Pos28	RFP	positive_fraction_sigma3	9.8666366017673
Pos28	YFP	positive_fraction_sigma3	63.91244618602403
Pos29	RFP	positive_fraction_sigma3	19.026200744765998
Pos29	YFP	positive_fraction_sigma3	58.01039157391791
Pos3	RFP	positive_fraction_sigma3	4.887276829390093
Pos3	YFP	positive_fraction_sigma3	20.280051474705566
Pos30	RFP	positive_fraction_sigma3	14.168338142052942
Pos30	YFP	positive_fraction_sigma3	17.203439093912618
Pos31	RFP	positive_fraction_sigma3	4.847344041234601
Pos31	YFP	positive_fraction_sigma3	59.05947035692
Pos32	RFP	positive_fraction_sigma3	10.09226929585818
Pos32	YFP	positive_fraction_sigma3	58.42188711908265
Pos33	RFP	positive_fraction_sigma3	0.25151622146228964
Pos33	YFP	positive_fraction_sigma3	53.07799442938279
Pos34	RFP	positive_fraction_sigma3	12.20510562898869
Pos34	YFP	positive_fraction_sigma3	57.508212010348174
Pos35	RFP	positive_fraction_sigma3	10.840948662871446
Pos35	YFP	positive_fraction_sigma3	63.04003095903376
Pos36	RFP	positive_fraction_sigma3	8.185420440384348
Pos36	YFP	positive_fraction_sigma3	50.06935433914845
Pos37	RFP	positive_fraction_sigma3	4.277252757723502
Pos37	YFP	positive_fraction_sigma3	19.446599472484223
Pos38	RFP	positive_fraction_sigma3	10.786234858646424
Pos38	YFP	positive_fraction_sigma3	23.400980129696418
Pos39	RFP	positive_fraction_sigma3	7.461522650946061
Pos39	YFP	positive_fraction_sigma3	36.126960705723974
Pos4	RFP	positive_fraction_sigma3	8.212423961462761
Pos4	YFP	positive_fraction_sigma3	54.81922482797383
Pos40	RFP	positive_fraction_sigma3	7.718585356378658
Pos40	YFP	positive_fraction_sigma3	63.72877690455225
Pos41	RFP	positive_fraction_sigma3	12.507720653077888
Pos41	YFP	positive_fraction_sigma3	31.434040440057405
Pos42	RFP	positive_fraction_sigma3	13.726202646789492
Pos42	YFP	positive_fraction_sigma3	53.5952105354519
Pos43	RFP	positive_fraction_sigma3	7.707274856050618
Pos43	YFP	positive_fraction_sigma3	4.824306364132359
Pos44	RFP	positive_fraction_sigma3	10.073934585710923
Pos44	YFP	positive_fraction_sigma3	64.6898160737539
Pos45	RFP	positive_fraction_sigma3	14.156299404394344
Pos45	YFP	positive_fraction_sigma3	33.33391163342539
Pos46	RFP	positive_fraction_sigma3	16.82219436239851
Pos46	YFP	positive_fraction_sigma3	54.23653525822845
Pos47	RFP	positive_fraction_sigma3	4.096546540683995
Pos47	YFP	positive_fraction_sigma3	7.137191206831609
Pos48	RFP	positive_fraction_sigma3	9.207313761372927
Pos48	YFP	positive_fraction_sigma3	18.51257792456098
Pos49	RFP	positive_fraction_sigma3	9.540141655284843
Pos49	YFP	positive_fraction_sigma3	27.8347039121819
Pos5	RFP	positive_fraction_sigma3	6.767516752167783
Pos5	YFP	positive_fraction_sigma3	61.309093447437306
Pos50	RFP	positive_fraction_sigma3	9.61208136057604
Pos50	YFP	positive_fraction_sigma3	45.770857336271284
Pos51	RFP	positive_fraction_sigma3	4.51868626534385
Pos51	YFP	positive_fraction_sigma3	24.377457060639642
Pos52	RFP	positive_fraction_sigma3	8.421825696751002
Pos52	YFP	positive_fraction_sigma3	45.04542424119361
Pos53	RFP	positive_fraction_sigma3	5.3762594125314065
Pos53	YFP	positive_fraction_sigma3	8.472108925676768
Pos54	RFP	positive_fraction_sigma3	17.81892332564406
Pos54	YFP	positive_fraction_sigma3	9.175536025268212
Pos55	RFP	positive_fraction_sigma3	9.605150674066902
Pos55	YFP	positive_fraction_sigma3	24.143510615093557
Pos56	RFP	positive_fraction_sigma3	19.06227942504656
Pos56	YFP	positive_fraction_sigma3	3.3544764638921736
Pos57	RFP	positive_fraction_sigma3	3.437422885234962
Pos57	YFP	positive_fraction_sigma3	6.137126164815107
Pos58	RFP	positive_fraction_sigma3	7.321953517153664
Pos58	YFP	positive_fraction_sigma3	13.956980206607616
Pos59	RFP	positive_fraction_sigma3	3.065262877511988
Pos59	YFP	positive_fraction_sigma3	4.632333136196113
Pos6	RFP	positive_fraction_sigma3	9.66700356079989
Pos6	YFP	positive_fraction_sigma3	33.208275537607776
Pos60	RFP	positive_fraction_sigma3	11.203153848986473
Pos60	YFP	positive_fraction_sigma3	47.949509009156664
Pos61	RFP	positive_fraction_sigma3	9.72358799344881
Pos61	YFP	positive_fraction_sigma3	31.05619089840895
Pos62	RFP	positive_fraction_sigma3	8.036434282049527
Pos62	YFP	positive_fraction_sigma3	57.64398986158254
Pos63	RFP	positive_fraction_sigma3	12.535975526561936
Pos63	YFP	positive_fraction_sigma3	12.967570356829563
Pos64	RFP	positive_fraction_sigma3	9.523874838516539
Pos64	YFP	positive_fraction_sigma3	36.309617022912356
Pos7	RFP	positive_fraction_sigma3	6.966328850813004
Pos7	YFP	positive_fraction_sigma3	6.924173361075979
Pos8	RFP	positive_fraction_sigma3	5.807799094923345
Pos8	YFP	positive_fraction_sigma3	11.143430714459022
Pos9	RFP	positive_fraction_sigma3	11.92690890883654
Pos9	YFP	positive_fraction_sigma3	35.81630041908677
Pos0	RFP	positive_fraction_sigma4	14.470045129403486
Pos0	YFP	positive_fraction_sigma4	66.25301917385534
Pos1	RFP	positive_fraction_sigma4	24.30806582021316
Pos1	YFP	positive_fraction_sigma4	30.40761086141895
Pos10	RFP	positive_fraction_sigma4	7.848403319429093
Pos10	YFP	positive_fraction_sigma4	49.815494223049726
Pos11	RFP	positive_fraction_sigma4	9.054178446893596
Pos11	YFP	positive_fraction_sigma4	62.38150560647808
Pos12	RFP	positive_fraction_sigma4	15.104282661307558
Pos12	YFP	positive_fraction_sigma4	66.55917495429864
Pos13	RFP	positive_fraction_sigma4	8.933884026723941
Pos13	YFP	positive_fraction_sigma4	60.86262104042874
Pos14	RFP	positive_fraction_sigma4	6.759976342652113
Pos14	YFP	positive_fraction_sigma4	26.529602860857402
Pos15	RFP	positive_fraction_sigma4	10.846864297655117
Pos15	YFP	positive_fraction_sigma4	25.51433803871813
Pos16	RFP	positive_fraction_sigma4	7.337563280886071
Pos16	YFP	positive_fraction_sigma4	23.854932833421092
Pos17	RFP	positive_fraction_sigma4	5.675840538116348
Pos17	YFP	positive_fraction_sigma4	57.51827938883968
Pos18	RFP	positive_fraction_sigma4	10.688887372640199
Pos18	YFP	positive_fraction_sigma4	61.24534727339294
Pos19	RFP	positive_fraction_sigma4	9.66212721550115
Pos19	YFP	positive_fraction_sigma4	64.65128988596152
Pos2	RFP	positive_fraction_sigma4	13.10883663402514
Pos2	YFP	positive_fraction_sigma4	35.35783978672
Pos20	RFP	positive_fraction_sigma4	12.797545125297274
Pos20	YFP	positive_fraction_sigma4	59.4718993678713
Pos21	RFP	positive_fraction_sigma4	5.425302219593879
Pos21	YFP	positive_fraction_sigma4	13.73017546872956
Pos22	RFP	positive_fraction_sigma4	3.5783265913138167
Pos22	YFP	positive_fraction_sigma4	10.533055838397836
Pos23	RFP	positive_fraction_sigma4	10.448174438360041
Pos23	YFP	positive_fraction_sigma4	28.90796937213621
Pos24	RFP	positive_fraction_sigma4	7.289922418468646
Pos24	YFP	positive_fraction_sigma4	6.748871702817686
Pos25	RFP	positive_fraction_sigma4	5.284176029702788
Pos25	YFP	positive_fraction_sigma4	29.184247865082437
Pos26	RFP	positive_fraction_sigma4	5.0037653573299385
Pos26	YFP	positive_fraction_sigma4	60.285067487337194
Pos27	RFP	positive_fraction_sigma4	8.481351768778696
Pos27	YFP	positive_fraction_sigma4	61.545004706772346
Pos28	RFP	positive_fraction_sigma4	7.657592774452207
Pos28	YFP	positive_fraction_sigma4	64.50360147207802
Pos29	RFP	positive_fraction_sigma4	22.083884303423908
Pos29	YFP	positive_fraction_sigma4	62.38187323488413
Pos3	RFP	positive_fraction_sigma4	5.250003772774738
Pos3	YFP	positive_fraction_sigma4	24.568092058351215
Pos30	RFP	positive_fraction_sigma4	13.866536364396074
Pos30	YFP	positive_fraction_sigma4	14.868081747950185
Pos31	RFP	positive_fraction_sigma4	9.432270517024127
Pos31	YFP	positive_fraction_sigma4	61.98132390617346
Pos32	RFP	positive_fraction_sigma4	9.883554654636425
Pos32	YFP	positive_fraction_sigma4	5.9441579982282615
Pos33	RFP	positive_fraction_sigma4	0.0
Pos33	YFP	positive_fraction_sigma4	61.206234460343836
Pos34	RFP	positive_fraction_sigma4	12.329299831113602
Pos34	YFP	positive_fraction_sigma4	6.742792284196648
Pos35	RFP	positive_fraction_sigma4	9.389180639969755
Pos35	YFP	positive_fraction_sigma4	65.26270471768615
Pos36	RFP	positive_fraction_sigma4	8.222198810286462
Pos36	YFP	positive_fraction_sigma4	
Pos37	RFP	positive_fraction_sigma4	6.017536152053761
Pos37	YFP	positive_fraction_sigma4	18.6090971495396
Pos38	RFP	positive_fraction_sigma4	10.436599156170912
Pos38	YFP	positive_fraction_sigma4	25.6526840559937
Pos39	RFP	positive_fraction_sigma4	7.884952842628809
Pos39	YFP	positive_fraction_sigma4	23.2169845345324
Pos4	RFP	positive_fraction_sigma4	7.248455563794947
Pos4	YFP	positive_fraction_sigma4	57.60324072089424
Pos40	RFP	positive_fraction_sigma4	8.347920581242265
Pos40	YFP	positive_fraction_sigma4	59.48011711857225
Pos41	RFP	positive_fraction_sigma4	13.000296238616222
Pos41	YFP	positive_fraction_sigma4	30.623672043597658
Pos42	RFP	positive_fraction_sigma4	16.83395910411148
Pos42	YFP	positive_fraction_sigma4	56.647878015572054
Pos43	RFP	positive_fraction_sigma4	8.752704016295885
Pos43	YFP	positive_fraction_sigma4	16.41726616625829
Pos44	RFP	positive_fraction_sigma4	10.967277111488308
Pos44	YFP	positive_fraction_sigma4	64.54181404925139
Pos45	RFP	positive_fraction_sigma4	15.153226012556061
Pos45	YFP	positive_fraction_sigma4	38.05707274575786
Pos46	RFP	positive_fraction_sigma4	22.26074941215212
Pos46	YFP	positive_fraction_sigma4	57.02763598815598
Pos47	RFP	positive_fraction_sigma4	3.9501466409251704
Pos47	YFP	positive_fraction_sigma4	8.464471057012016
Pos48	RFP	positive_fraction_sigma4	10.422063055779867
Pos48	YFP	positive_fraction_sigma4	21.23302493815239
Pos49	RFP	positive_fraction_sigma4	11.59851679817346
Pos49	YFP	positive_fraction_sigma4	30.20336470788723
Pos5	RFP	positive_fraction_sigma4	7.8684878808552146
Pos5	YFP	positive_fraction_sigma4	56.10874434496376
Pos50	RFP	positive_fraction_sigma4	11.742147758490189
Pos50	YFP	positive_fraction_sigma4	49.177971484858524
Pos51	RFP	positive_fraction_sigma4	5.317338498688743
Pos51	YFP	positive_fraction_sigma4	23.81125843896989
Pos52	RFP	positive_fraction_sigma4	8.859453146332939
Pos52	YFP	positive_fraction_sigma4	57.523699496851556
Pos53	RFP	positive_fraction_sigma4	8.304286967920412
Pos53	YFP	positive_fraction_sigma4	14.84618653489335
Pos54	RFP	positive_fraction_sigma4	19.235776618327538
Pos54	YFP	positive_fraction_sigma4	59.99965567095882
Pos55	RFP	positive_fraction_sigma4	10.648489520401633
Pos55	YFP	positive_fraction_sigma4	26.919547067665256
Pos56	RFP	positive_fraction_sigma4	24.299193414689555
Pos56	YFP	positive_fraction_sigma4	5.063222987551542
Pos57	RFP	positive_fraction_sigma4	3.0142919739903715
Pos57	YFP	positive_fraction_sigma4	8.294637506698045
Pos58	RFP	positive_fraction_sigma4	7.255622368952817
Pos58	YFP	positive_fraction_sigma4	15.89542166373297
Pos59	RFP	positive_fraction_sigma4	2.904425691679094
Pos59	YFP	positive_fraction_sigma4	5.782141092274551
Pos6	RFP	positive_fraction_sigma4	10.698688004700648
Pos6	YFP	positive_fraction_sigma4	30.712703090403163
Pos60	RFP	positive_fraction_sigma4	12.113292206135768
Pos60	YFP	positive_fraction_sigma4	33.09144599114753
Pos61	RFP	positive_fraction_sigma4	10.750057958944145
Pos61	YFP	positive_fraction_sigma4	27.653786953382152
Pos62	RFP	positive_fraction_sigma4	7.782943600254995
Pos62	YFP	positive_fraction_sigma4	55.90168361044002
Pos63	RFP	positive_fraction_sigma4	12.548206883056237
Pos63	YFP	positive_fraction_sigma4	18.285592047559312
Pos64	RFP	positive_fraction_sigma4	10.348562420282574
Pos64	YFP	positive_fraction_sigma4	37.16224789849769
Pos7	RFP	positive_fraction_sigma4	5.2526160230038865
Pos7	YFP	positive_fraction_sigma4	7.613134242584466
Pos8	RFP	positive_fraction_sigma4	6.156661344858605
Pos8	YFP	positive_fraction_sigma4	12.95049111798708
Pos9	RFP	positive_fraction_sigma4	13.766477004448857
Pos9	YFP	positive_fraction_sigma4	34.133270024335104
Pos0	RFP	positive_fraction_sigma5	17.163553475809074
Pos0	YFP	positive_fraction_sigma5	67.09202508268096
Pos1	RFP	positive_fraction_sigma5	25.63265036197103
Pos1	YFP	positive_fraction_sigma5	30.256725258905885
Pos10	RFP	positive_fraction_sigma5	8.802683408271731
Pos10	YFP	positive_fraction_sigma5	52.588015604962195
Pos11	RFP	positive_fraction_sigma5	9.67321593740545
Pos11	YFP	positive_fraction_sigma5	66.0775541300253
Pos12	RFP	positive_fraction_sigma5	17.99201696384209
Pos12	YFP	positive_fraction_sigma5	
Pos13	RFP	positive_fraction_sigma5	9.937617907849546
Pos13	YFP	positive_fraction_sigma5	65.63669001161578
Pos14	RFP	positive_fraction_sigma5	7.776290470476834
Pos14	YFP	positive_fraction_sigma5	23.665543387639943
Pos15	RFP	positive_fraction_sigma5	11.633107786947292
Pos15	YFP	positive_fraction_sigma5	29.926979122005502
Pos16	RFP	positive_fraction_sigma5	7.860679180896597
Pos16	YFP	positive_fraction_sigma5	29.347995735875184
Pos17	RFP	positive_fraction_sigma5	5.851205443923366
Pos17	YFP	positive_fraction_sigma5	49.80412864118564
Pos18	RFP	positive_fraction_sigma5	10.118302723352436
Pos18	YFP	positive_fraction_sigma5	64.81294996327759
Pos19	RFP	positive_fraction_sigma5	9.59188083108543
Pos19	YFP	positive_fraction_sigma5	65.40981100637775
Pos2	RFP	positive_fraction_sigma5	14.868103093317762
Pos2	YFP	positive_fraction_sigma5	36.030978933393136
Pos20	RFP	positive_fraction_sigma5	12.111342998075905
Pos20	YFP	positive_fraction_sigma5	62.00697251549237
Pos21	RFP	positive_fraction_sigma5	5.816689728199478
Pos21	YFP	positive_fraction_sigma5	9.482083433910274
Pos22	RFP	positive_fraction_sigma5	3.3096598050851176
Pos22	YFP	positive_fraction_sigma5	10.348408216809162
Pos23	RFP	positive_fraction_sigma5	11.132546878400078
Pos23	YFP	positive_fraction_sigma5	31.757802492771667
Pos24	RFP	positive_fraction_sigma5	7.909697940338375
Pos24	YFP	positive_fraction_sigma5	8.073293977384258
Pos25	RFP	positive_fraction_sigma5	5.110016233913268
Pos25	YFP	positive_fraction_sigma5	25.094677542933322
Pos26	RFP	positive_fraction_sigma5	5.446368972127453
Pos26	YFP	positive_fraction_sigma5	23.80584496150873
Pos27	RFP	positive_fraction_sigma5	8.912319444638051
Pos27	YFP	positive_fraction_sigma5	64.18379302823378
Pos28	RFP	positive_fraction_sigma5	8.225120846639998
Pos28	YFP	positive_fraction_sigma5	
Pos29	RFP	positive_fraction_sigma5	24.431489048527087
Pos29	YFP	positive_fraction_sigma5	64.8470693539792
Pos3	RFP	positive_fraction_sigma5	5.74002669931636
Pos3	YFP	positive_fraction_sigma5	27.041629572270942
Pos30	RFP	positive_fraction_sigma5	9.955623537138422
Pos30	YFP	positive_fraction_sigma5	23.876909179237
Pos31	RFP	positive_fraction_sigma5	9.678923055164562
Pos31	YFP	positive_fraction_sigma5	64.26678247080733
Pos32	RFP	positive_fraction_sigma5	9.953379316815711
Pos32	YFP	positive_fraction_sigma5	65.17913405283926
Pos33	RFP	positive_fraction_sigma5	0.0
Pos33	YFP	positive_fraction_sigma5	64.58350995275089
Pos34	RFP	positive_fraction_sigma5	13.015209308021438
Pos34	YFP	positive_fraction_sigma5	9.225835448460517
Pos35	RFP	positive_fraction_sigma5	9.223502746766856
Pos35	YFP	positive_fraction_sigma5	66.55054279317389
Pos36	RFP	positive_fraction_sigma5	8.570065502627573
Pos36	YFP	positive_fraction_sigma5	
Pos37	RFP	positive_fraction_sigma5	7.012253279247752
Pos37	YFP	positive_fraction_sigma5	25.469648249550623
Pos38	RFP	positive_fraction_sigma5	11.476328246604016
Pos38	YFP	positive_fraction_sigma5	32.65971786147705
Pos39	RFP	positive_fraction_sigma5	8.318276204776382
Pos39	YFP	positive_fraction_sigma5	24.74790402997353
Pos4	RFP	positive_fraction_sigma5	4.87849400994514
Pos4	YFP	positive_fraction_sigma5	60.14381699176845
Pos40	RFP	positive_fraction_sigma5	8.855093617973992
Pos40	YFP	positive_fraction_sigma5	62.69340206191308
Pos41	RFP	positive_fraction_sigma5	15.394408958839456
Pos41	YFP	positive_fraction_sigma5	33.00017634163203
Pos42	RFP	positive_fraction_sigma5	19.02284546154534
Pos42	YFP	positive_fraction_sigma5	58.170438485300814
Pos43	RFP	positive_fraction_sigma5	9.555397621803055
Pos43	YFP	positive_fraction_sigma5	24.890469896189675
Pos44	RFP	positive_fraction_sigma5	11.99825343654349
Pos44	YFP	positive_fraction_sigma5	65.5004291178245
Pos45	RFP	positive_fraction_sigma5	14.72144128518699
Pos45	YFP	positive_fraction_sigma5	47.89330714127653
Pos46	RFP	positive_fraction_sigma5	24.731923457842928
Pos46	YFP	positive_fraction_sigma5	60.67225106537862
Pos47	RFP	positive_fraction_sigma5	4.286097350130348
Pos47	YFP	positive_fraction_sigma5	9.839945227305654
Pos48	RFP	positive_fraction_sigma5	11.9256532521339
Pos48	YFP	positive_fraction_sigma5	23.835527759606098
Pos49	RFP	positive_fraction_sigma5	13.375058541347325
Pos49	YFP	positive_fraction_sigma5	31.39468758000163
Pos5	RFP	positive_fraction_sigma5	8.794485639664032
Pos5	YFP	positive_fraction_sigma5	55.696460659193775
Pos50	RFP	positive_fraction_sigma5	13.276246037526757
Pos50	YFP	positive_fraction_sigma5	53.10467621144457
Pos51	RFP	positive_fraction_sigma5	6.086319160600266
Pos51	YFP	positive_fraction_sigma5	25.44844398266627
Pos52	RFP	positive_fraction_sigma5	9.030919224883503
Pos52	YFP	positive_fraction_sigma5	61.99749230531226
Pos53	RFP	positive_fraction_sigma5	9.753118625946751
Pos53	YFP	positive_fraction_sigma5	23.88895863810941
Pos54	RFP	positive_fraction_sigma5	22.262832832741474
Pos54	YFP	positive_fraction_sigma5	60.941101153808916
Pos55	RFP	positive_fraction_sigma5	11.710165713503669
Pos55	YFP	positive_fraction_sigma5	28.638006743567995
Pos56	RFP	positive_fraction_sigma5	26.694604635580067
Pos56	YFP	positive_fraction_sigma5	47.868878170850444
Pos57	RFP	positive_fraction_sigma5	2.9022771988033176
Pos57	YFP	positive_fraction_sigma5	11.514075123089233
Pos58	RFP	positive_fraction_sigma5	6.903685658810232
Pos58	YFP	positive_fraction_sigma5	18.121138041896707
Pos59	RFP	positive_fraction_sigma5	3.141087508641608
Pos59	YFP	positive_fraction_sigma5	7.870104355799371
Pos6	RFP	positive_fraction_sigma5	10.706110094582085
Pos6	YFP	positive_fraction_sigma5	25.73678113663802
Pos60	RFP	positive_fraction_sigma5	12.591492023776645
Pos60	YFP	positive_fraction_sigma5	19.2664909140188
Pos61	RFP	positive_fraction_sigma5	11.528121026851371
Pos61	YFP	positive_fraction_sigma5	23.35275225038406
Pos62	RFP	positive_fraction_sigma5	8.546803559835451
Pos62	YFP	positive_fraction_sigma5	57.808095697403125
Pos63	RFP	positive_fraction_sigma5	13.291612483118062
Pos63	YFP	positive_fraction_sigma5	23.707439010682144
Pos64	RFP	positive_fraction_sigma5	11.00073330568261
Pos64	YFP	positive_fraction_sigma5	36.875527788786705
Pos7	RFP	positive_fraction_sigma5	4.06026727210924
Pos7	YFP	positive_fraction_sigma5	8.861817114712784
Pos8	RFP	positive_fraction_sigma5	6.464339646725179
Pos8	YFP	positive_fraction_sigma5	14.922905578997145
Pos9	RFP	positive_fraction_sigma5	17.723059315200064
Pos9	YFP	positive_fraction_sigma5	35.29254090502774
Pos0	RFP	positive_mean_intensity_sigma2_z	24.820687773781533
Pos0	YFP	positive_mean_intensity_sigma2_z	
Pos1	RFP	positive_mean_intensity_sigma2_z	27.80488741947581
Pos1	YFP	positive_mean_intensity_sigma2_z	27.913207665784796
Pos10	RFP	positive_mean_intensity_sigma2_z	14.78965524595889
Pos10	YFP	positive_mean_intensity_sigma2_z	44.64875824031213
Pos11	RFP	positive_mean_intensity_sigma2_z	15.361057987490017
Pos11	YFP	positive_mean_intensity_sigma2_z	25.73319429935187
Pos12	RFP	positive_mean_intensity_sigma2_z	16.399148474082885
Pos12	YFP	positive_mean_intensity_sigma2_z	
Pos13	RFP	positive_mean_intensity_sigma2_z	13.308090092708895
Pos13	YFP	positive_mean_intensity_sigma2_z	55.91871796961222
Pos14	RFP	positive_mean_intensity_sigma2_z	20.87770908263784
Pos14	YFP	positive_mean_intensity_sigma2_z	33.5363396702953
Pos15	RFP	positive_mean_intensity_sigma2_z	23.75300194617125
Pos15	YFP	positive_mean_intensity_sigma2_z	35.49652899370804
Pos16	RFP	positive_mean_intensity_sigma2_z	19.269295027490557
Pos16	YFP	positive_mean_intensity_sigma2_z	14.245038950266945
Pos17	RFP	positive_mean_intensity_sigma2_z	13.984863838296494
Pos17	YFP	positive_mean_intensity_sigma2_z	33.64471883360112
Pos18	RFP	positive_mean_intensity_sigma2_z	13.173972104353679
Pos18	YFP	positive_mean_intensity_sigma2_z	9.658403809087606
Pos19	RFP	positive_mean_intensity_sigma2_z	8.780310540819768
Pos19	YFP	positive_mean_intensity_sigma2_z	63.979789221923895
Pos2	RFP	positive_mean_intensity_sigma2_z	26.41819757264845
Pos2	YFP	positive_mean_intensity_sigma2_z	
Pos20	RFP	positive_mean_intensity_sigma2_z	14.920401395808394
Pos20	YFP	positive_mean_intensity_sigma2_z	59.726353267626365
Pos21	RFP	positive_mean_intensity_sigma2_z	10.003859557455105
Pos21	YFP	positive_mean_intensity_sigma2_z	5.922203247088152
Pos22	RFP	positive_mean_intensity_sigma2_z	13.403907581380867
Pos22	YFP	positive_mean_intensity_sigma2_z	29.86667518415452
Pos23	RFP	positive_mean_intensity_sigma2_z	14.235090127748787
Pos23	YFP	positive_mean_intensity_sigma2_z	32.43886758319243
Pos24	RFP	positive_mean_intensity_sigma2_z	15.404627420522218
Pos24	YFP	positive_mean_intensity_sigma2_z	7.379458245569912
Pos25	RFP	positive_mean_intensity_sigma2_z	15.980964615672988
Pos25	YFP	positive_mean_intensity_sigma2_z	23.99174136632825
Pos26	RFP	positive_mean_intensity_sigma2_z	12.171425906276104
Pos26	YFP	positive_mean_intensity_sigma2_z	21.723005461293756
Pos27	RFP	positive_mean_intensity_sigma2_z	23.679119186244314
Pos27	YFP	positive_mean_intensity_sigma2_z	
Pos28	RFP	positive_mean_intensity_sigma2_z	8.849036151652028
Pos28	YFP	positive_mean_intensity_sigma2_z	
Pos29	RFP	positive_mean_intensity_sigma2_z	0.0
Pos29	YFP	positive_mean_intensity_sigma2_z	13.264737231973937
Pos3	RFP	positive_mean_intensity_sigma2_z	18.088077375101427
Pos3	YFP	positive_mean_intensity_sigma2_z	40.795079674680736
Pos30	RFP	positive_mean_intensity_sigma2_z	14.72196913498164
Pos30	YFP	positive_mean_intensity_sigma2_z	29.401495952982664
Pos31	RFP	positive_mean_intensity_sigma2_z	27.990470670619615
Pos31	YFP	positive_mean_intensity_sigma2_z	58.146143641115195
Pos32	RFP	positive_mean_intensity_sigma2_z	13.911771659999724
Pos32	YFP	positive_mean_intensity_sigma2_z	3.3813094210203394
Pos33	RFP	positive_mean_intensity_sigma2_z	51.12852394284495
Pos33	YFP	positive_mean_intensity_sigma2_z	
Pos34	RFP	positive_mean_intensity_sigma2_z	23.47000011887916
Pos34	YFP	positive_mean_intensity_sigma2_z	5.740487281147661
Pos35	RFP	positive_mean_intensity_sigma2_z	12.034882465669671
Pos35	YFP	positive_mean_intensity_sigma2_z	4.297240126320029
Pos36	RFP	positive_mean_intensity_sigma2_z	10.158769262163934
Pos36	YFP	positive_mean_intensity_sigma2_z	4.101460554281985
Pos37	RFP	positive_mean_intensity_sigma2_z	15.137448179102693
Pos37	YFP	positive_mean_intensity_sigma2_z	24.39947576796284
Pos38	RFP	positive_mean_intensity_sigma2_z	26.58177601131583
Pos38	YFP	positive_mean_intensity_sigma2_z	25.522436879600118
Pos39	RFP	positive_mean_intensity_sigma2_z	18.381407188932393
Pos39	YFP	positive_mean_intensity_sigma2_z	25.95202466929575
Pos4	RFP	positive_mean_intensity_sigma2_z	14.743339703995323
Pos4	YFP	positive_mean_intensity_sigma2_z	24.435277073652227
Pos40	RFP	positive_mean_intensity_sigma2_z	9.977236514830347
Pos40	YFP	positive_mean_intensity_sigma2_z	12.825949491475662
Pos41	RFP	positive_mean_intensity_sigma2_z	29.375769753644967
Pos41	YFP	positive_mean_intensity_sigma2_z	20.92804034924023
Pos42	RFP	positive_mean_intensity_sigma2_z	1.7415283744488843
Pos42	YFP	positive_mean_intensity_sigma2_z	2.181859021308632
Pos43	RFP	positive_mean_intensity_sigma2_z	15.66287205788946
Pos43	YFP	positive_mean_intensity_sigma2_z	15.611072002274703
Pos44	RFP	positive_mean_intensity_sigma2_z	21.930790726573786
Pos44	YFP	positive_mean_intensity_sigma2_z	
Pos45	RFP	positive_mean_intensity_sigma2_z	27.52677403722094
Pos45	YFP	positive_mean_intensity_sigma2_z	48.239271635493
Pos46	RFP	positive_mean_intensity_sigma2_z	24.307380728573325
Pos46	YFP	positive_mean_intensity_sigma2_z	18.798533708009362
Pos47	RFP	positive_mean_intensity_sigma2_z	17.562161972220654
Pos47	YFP	positive_mean_intensity_sigma2_z	15.62921260858933
Pos48	RFP	positive_mean_intensity_sigma2_z	27.394686059151645
Pos48	YFP	positive_mean_intensity_sigma2_z	
Pos49	RFP	positive_mean_intensity_sigma2_z	23.929701435068573
Pos49	YFP	positive_mean_intensity_sigma2_z	26.454211104520194
Pos5	RFP	positive_mean_intensity_sigma2_z	15.693778776327042
Pos5	YFP	positive_mean_intensity_sigma2_z	7.032700268951647
Pos50	RFP	positive_mean_intensity_sigma2_z	15.47910330636762
Pos50	YFP	positive_mean_intensity_sigma2_z	
Pos51	RFP	positive_mean_intensity_sigma2_z	12.609222978011196
Pos51	YFP	positive_mean_intensity_sigma2_z	0.0
Pos52	RFP	positive_mean_intensity_sigma2_z	13.592275188278792
Pos52	YFP	positive_mean_intensity_sigma2_z	
Pos53	RFP	positive_mean_intensity_sigma2_z	18.363440041927927
Pos53	YFP	positive_mean_intensity_sigma2_z	28.038041466109192
Pos54	RFP	positive_mean_intensity_sigma2_z	32.941178797566145
Pos54	YFP	positive_mean_intensity_sigma2_z	7.741830137784926
Pos55	RFP	positive_mean_intensity_sigma2_z	23.308751634510614
Pos55	YFP	positive_mean_intensity_sigma2_z	40.58496900411409
Pos56	RFP	positive_mean_intensity_sigma2_z	55.41866388121234
Pos56	YFP	positive_mean_intensity_sigma2_z	7.418459823062727
Pos57	RFP	positive_mean_intensity_sigma2_z	19.232314811223116
Pos57	YFP	positive_mean_intensity_sigma2_z	27.530930021739373
Pos58	RFP	positive_mean_intensity_sigma2_z	17.47421551514546
Pos58	YFP	positive_mean_intensity_sigma2_z	38.269796935786076
Pos59	RFP	positive_mean_intensity_sigma2_z	17.406663655610263
Pos59	YFP	positive_mean_intensity_sigma2_z	23.17619277211858
Pos6	RFP	positive_mean_intensity_sigma2_z	20.903390628076707
Pos6	YFP	positive_mean_intensity_sigma2_z	22.628977521790965
Pos60	RFP	positive_mean_intensity_sigma2_z	17.60873479486712
Pos60	YFP	positive_mean_intensity_sigma2_z	19.74036408280195
Pos61	RFP	positive_mean_intensity_sigma2_z	22.69095906166702
Pos61	YFP	positive_mean_intensity_sigma2_z	35.71916253112516
Pos62	RFP	positive_mean_intensity_sigma2_z	19.04661009078531
Pos62	YFP	positive_mean_intensity_sigma2_z	31.721481196882287
Pos63	RFP	positive_mean_intensity_sigma2_z	22.58182417989484
Pos63	YFP	positive_mean_intensity_sigma2_z	17.166136535021412
Pos64	RFP	positive_mean_intensity_sigma2_z	21.359151470655927
Pos64	YFP	positive_mean_intensity_sigma2_z	39.49962529300362
Pos7	RFP	positive_mean_intensity_sigma2_z	15.421089692863674
Pos7	YFP	positive_mean_intensity_sigma2_z	34.110277296611805
Pos8	RFP	positive_mean_intensity_sigma2_z	26.02415518353948
Pos8	YFP	positive_mean_intensity_sigma2_z	23.849750635418935
Pos9	RFP	positive_mean_intensity_sigma2_z	26.09934069535149
Pos9	YFP	positive_mean_intensity_sigma2_z	28.41465632939468
Pos0	RFP	positive_mean_intensity_sigma3_z	21.29476292006622
Pos0	YFP	positive_mean_intensity_sigma3_z	
Pos1	RFP	positive_mean_intensity_sigma3_z	27.510136336951756
Pos1	YFP	positive_mean_intensity_sigma3_z	
Pos10	RFP	positive_mean_intensity_sigma3_z	16.844866003862986
Pos10	YFP	positive_mean_intensity_sigma3_z	
Pos11	RFP	positive_mean_intensity_sigma3_z	16.215110066076857
Pos11	YFP	positive_mean_intensity_sigma3_z	26.038374073230813
Pos12	RFP	positive_mean_intensity_sigma3_z	15.868154273132646
Pos12	YFP	positive_mean_intensity_sigma3_z	
Pos13	RFP	positive_mean_intensity_sigma3_z	14.53972214277591
Pos13	YFP	positive_mean_intensity_sigma3_z	
Pos14	RFP	positive_mean_intensity_sigma3_z	21.343852725455537
Pos14	YFP	positive_mean_intensity_sigma3_z	27.82714537112849
Pos15	RFP	positive_mean_intensity_sigma3_z	23.96886906229744
Pos15	YFP	positive_mean_intensity_sigma3_z	35.575803662049516
Pos16	RFP	positive_mean_intensity_sigma3_z	19.728700690217895
Pos16	YFP	positive_mean_intensity_sigma3_z	42.64608180547159
Pos17	RFP	positive_mean_intensity_sigma3_z	14.708921962880042
Pos17	YFP	positive_mean_intensity_sigma3_z	27.47815634384367
Pos18	RFP	positive_mean_intensity_sigma3_z	12.180436918072994
Pos18	YFP	positive_mean_intensity_sigma3_z	7.5793649652460395
Pos19	RFP	positive_mean_intensity_sigma3_z	8.87278773558503
Pos19	YFP	positive_mean_intensity_sigma3_z	10.107511475597985
Pos2	RFP	positive_mean_intensity_sigma3_z	26.699002643417554
Pos2	YFP	positive_mean_intensity_sigma3_z	
Pos20	RFP	positive_mean_intensity_sigma3_z	13.239936009721204
Pos20	YFP	positive_mean_intensity_sigma3_z	54.37912753309825
Pos21	RFP	positive_mean_intensity_sigma3_z	10.037034833334932
Pos21	YFP	positive_mean_intensity_sigma3_z	5.655160101739574
Pos22	RFP	positive_mean_intensity_sigma3_z	13.807638074366873
Pos22	YFP	positive_mean_intensity_sigma3_z	29.69154168984204
Pos23	RFP	positive_mean_intensity_sigma3_z	14.403690639942075
Pos23	YFP	positive_mean_intensity_sigma3_z	33.417376166841116
Pos24	RFP	positive_mean_intensity_sigma3_z	15.687586776357584
Pos24	YFP	positive_mean_intensity_sigma3_z	7.154419470454002
Pos25	RFP	positive_mean_intensity_sigma3_z	16.012260981597517
Pos25	YFP	positive_mean_intensity_sigma3_z	11.058304917729998
Pos26	RFP	positive_mean_intensity_sigma3_z	12.192905420988245
Pos26	YFP	positive_mean_intensity_sigma3_z	22.55821528592857
Pos27	RFP	positive_mean_intensity_sigma3_z	24.299497119778305
Pos27	YFP	positive_mean_intensity_sigma3_z	
Pos28	RFP	positive_mean_intensity_sigma3_z	11.351762854023297
Pos28	YFP	positive_mean_intensity_sigma3_z	
Pos29	RFP	positive_mean_intensity_sigma3_z	0.0
Pos29	YFP	positive_mean_intensity_sigma3_z	
Pos3	RFP	positive_mean_intensity_sigma3_z	18.105948145474965
Pos3	YFP	positive_mean_intensity_sigma3_z	41.08377556916841
Pos30	RFP	positive_mean_intensity_sigma3_z	15.641240070250893
Pos30	YFP	positive_mean_intensity_sigma3_z	34.61030833563412
Pos31	RFP	positive_mean_intensity_sigma3_z	23.739317698071705
Pos31	YFP	positive_mean_intensity_sigma3_z	
Pos32	RFP	positive_mean_intensity_sigma3_z	26.30783294778202
Pos32	YFP	positive_mean_intensity_sigma3_z	3.510548453483578
Pos33	RFP	positive_mean_intensity_sigma3_z	51.858193749943226
Pos33	YFP	positive_mean_intensity_sigma3_z	
Pos34	RFP	positive_mean_intensity_sigma3_z	17.874802044109284
Pos34	YFP	positive_mean_intensity_sigma3_z	6.838070231380301
Pos35	RFP	positive_mean_intensity_sigma3_z	13.66879975002575
Pos35	YFP	positive_mean_intensity_sigma3_z	7.449839939467061
Pos36	RFP	positive_mean_intensity_sigma3_z	9.479621984411502
Pos36	YFP	positive_mean_intensity_sigma3_z	
Pos37	RFP	positive_mean_intensity_sigma3_z	16.96941995772293
Pos37	YFP	positive_mean_intensity_sigma3_z	
Pos38	RFP	positive_mean_intensity_sigma3_z	28.425138481173803
Pos38	YFP	positive_mean_intensity_sigma3_z	30.220856237221856
Pos39	RFP	positive_mean_intensity_sigma3_z	21.294652498351645
Pos39	YFP	positive_mean_intensity_sigma3_z	22.665557365971814
Pos4	RFP	positive_mean_intensity_sigma3_z	14.390765155527562
Pos4	YFP	positive_mean_intensity_sigma3_z	22.156506840588285
Pos40	RFP	positive_mean_intensity_sigma3_z	12.986173949541458
Pos40	YFP	positive_mean_intensity_sigma3_z	
Pos41	RFP	positive_mean_intensity_sigma3_z	28.18286528417628
Pos41	YFP	positive_mean_intensity_sigma3_z	
Pos42	RFP	positive_mean_intensity_sigma3_z	2.0904951288866385
Pos42	YFP	positive_mean_intensity_sigma3_z	7.941786260582497
Pos43	RFP	positive_mean_intensity_sigma3_z	16.620081032356705
Pos43	YFP	positive_mean_intensity_sigma3_z	
Pos44	RFP	positive_mean_intensity_sigma3_z	23.422206315330005
Pos44	YFP	positive_mean_intensity_sigma3_z	
Pos45	RFP	positive_mean_intensity_sigma3_z	25.11672362870481
Pos45	YFP	positive_mean_intensity_sigma3_z	
Pos46	RFP	positive_mean_intensity_sigma3_z	24.864077564494924
Pos46	YFP	positive_mean_intensity_sigma3_z	57.26066252980095
Pos47	RFP	positive_mean_intensity_sigma3_z	18.249337323689968
Pos47	YFP	positive_mean_intensity_sigma3_z	15.396605806694373
Pos48	RFP	positive_mean_intensity_sigma3_z	27.72203894970751
Pos48	YFP	positive_mean_intensity_sigma3_z	
Pos49	RFP	positive_mean_intensity_sigma3_z	24.60801994702476
Pos49	YFP	positive_mean_intensity_sigma3_z	
Pos5	RFP	positive_mean_intensity_sigma3_z	16.722755326323835
Pos5	YFP	positive_mean_intensity_sigma3_z	10.76598841969911
Pos50	RFP	positive_mean_intensity_sigma3_z	17.094165979333575
Pos50	YFP	positive_mean_intensity_sigma3_z	
Pos51	RFP	positive_mean_intensity_sigma3_z	13.144604206421892
Pos51	YFP	positive_mean_intensity_sigma3_z	1.7571384724709374
Pos52	RFP	positive_mean_intensity_sigma3_z	15.625159688575941
Pos52	YFP	positive_mean_intensity_sigma3_z	
Pos53	RFP	positive_mean_intensity_sigma3_z	20.117419251731988
Pos53	YFP	positive_mean_intensity_sigma3_z	32.8748749993537
Pos54	RFP	positive_mean_intensity_sigma3_z	37.42588859385587
Pos54	YFP	positive_mean_intensity_sigma3_z	54.55900057748474
Pos55	RFP	positive_mean_intensity_sigma3_z	23.760985809111286
Pos55	YFP	positive_mean_intensity_sigma3_z	37.990559565994886
Pos56	RFP	positive_mean_intensity_sigma3_z	55.68272265620994
Pos56	YFP	positive_mean_intensity_sigma3_z	28.518297236211026
Pos57	RFP	positive_mean_intensity_sigma3_z	19.32364140787125
Pos57	YFP	positive_mean_intensity_sigma3_z	28.06718589828926
Pos58	RFP	positive_mean_intensity_sigma3_z	17.13406848873865
Pos58	YFP	positive_mean_intensity_sigma3_z	41.16313254979607
Pos59	RFP	positive_mean_intensity_sigma3_z	17.981506660758352
Pos59	YFP	positive_mean_intensity_sigma3_z	23.278184158745
Pos6	RFP	positive_mean_intensity_sigma3_z	20.294676762704405
Pos6	YFP	positive_mean_intensity_sigma3_z	24.242968727073286
Pos60	RFP	positive_mean_intensity_sigma3_z	17.413575446010352
Pos60	YFP	positive_mean_intensity_sigma3_z	19.51129536125877
Pos61	RFP	positive_mean_intensity_sigma3_z	23.568813587753024
Pos61	YFP	positive_mean_intensity_sigma3_z	32.9669877933125
Pos62	RFP	positive_mean_intensity_sigma3_z	25.94178210559629
Pos62	YFP	positive_mean_intensity_sigma3_z	
Pos63	RFP	positive_mean_intensity_sigma3_z	22.03770088341001
Pos63	YFP	positive_mean_intensity_sigma3_z	19.365620201845026
Pos64	RFP	positive_mean_intensity_sigma3_z	22.95257597315692
Pos64	YFP	positive_mean_intensity_sigma3_z	40.84454523534036
Pos7	RFP	positive_mean_intensity_sigma3_z	15.25904491390279
Pos7	YFP	positive_mean_intensity_sigma3_z	34.47623613760654
Pos8	RFP	positive_mean_intensity_sigma3_z	25.9956987813397
Pos8	YFP	positive_mean_intensity_sigma3_z	24.313868707493725
Pos9	RFP	positive_mean_intensity_sigma3_z	28.46990999381921
Pos9	YFP	positive_mean_intensity_sigma3_z	
Pos0	RFP	positive_mean_intensity_sigma4_z	13.342115530219234
Pos0	YFP	positive_mean_intensity_sigma4_z	
Pos1	RFP	positive_mean_intensity_sigma4_z	12.034019618198709
Pos1	YFP	positive_mean_intensity_sigma4_z	
Pos10	RFP	positive_mean_intensity_sigma4_z	18.299948407940946
Pos10	YFP	positive_mean_intensity_sigma4_z	
Pos11	RFP	positive_mean_intensity_sigma4_z	16.346957843262285
Pos11	YFP	positive_mean_intensity_sigma4_z	
Pos12	RFP	positive_mean_intensity_sigma4_z	13.95418772551884
Pos12	YFP	positive_mean_intensity_sigma4_z	
Pos13	RFP	positive_mean_intensity_sigma4_z	14.561216881764063
Pos13	YFP	positive_mean_intensity_sigma4_z	
Pos14	RFP	positive_mean_intensity_sigma4_z	22.08890411633952
Pos14	YFP	positive_mean_intensity_sigma4_z	29.428079007949428
Pos15	RFP	positive_mean_intensity_sigma4_z	24.090037134483104
Pos15	YFP	positive_mean_intensity_sigma4_z	31.542526888860646
Pos16	RFP	positive_mean_intensity_sigma4_z	19.97697846143863
Pos16	YFP	positive_mean_intensity_sigma4_z	49.31693558711982
Pos17	RFP	positive_mean_intensity_sigma4_z	14.620567329193465
Pos17	YFP	positive_mean_intensity_sigma4_z	28.82674941158901
Pos18	RFP	positive_mean_intensity_sigma4_z	11.547854700086074
Pos18	YFP	positive_mean_intensity_sigma4_z	9.984035662969589
Pos19	RFP	positive_mean_intensity_sigma4_z	9.044142938206619
Pos19	YFP	positive_mean_intensity_sigma4_z	
Pos2	RFP	positive_mean_intensity_sigma4_z	26.454463519129146
Pos2	YFP	positive_mean_intensity_sigma4_z	
Pos20	RFP	positive_mean_intensity_sigma4_z	14.337838667341918
Pos20	YFP	positive_mean_intensity_sigma4_z	48.933868665949205
Pos21	RFP	positive_mean_intensity_sigma4_z	10.964770013940496
Pos21	YFP	positive_mean_intensity_sigma4_z	5.38136556745252
Pos22	RFP	positive_mean_intensity_sigma4_z	13.969172665378926
Pos22	YFP	positive_mean_intensity_sigma4_z	29.947820973926365
Pos23	RFP	positive_mean_intensity_sigma4_z	13.848661764052427
Pos23	YFP	positive_mean_intensity_sigma4_z	34.96365430438673
Pos24	RFP	positive_mean_intensity_sigma4_z	15.98547969332623
Pos24	YFP	positive_mean_intensity_sigma4_z	7.77818589174179
Pos25	RFP	positive_mean_intensity_sigma4_z	15.934522883073612
Pos25	YFP	positive_mean_intensity_sigma4_z	14.465987925923452
Pos26	RFP	positive_mean_intensity_sigma4_z	12.462312272252023
Pos26	YFP	positive_mean_intensity_sigma4_z	23.908343992499383
Pos27	RFP	positive_mean_intensity_sigma4_z	24.418330526491896
Pos27	YFP	positive_mean_intensity_sigma4_z	
Pos28	RFP	positive_mean_intensity_sigma4_z	14.403311581416235
Pos28	YFP	positive_mean_intensity_sigma4_z	
Pos29	RFP	positive_mean_intensity_sigma4_z	0.0
Pos29	YFP	positive_mean_intensity_sigma4_z	
Pos3	RFP	positive_mean_intensity_sigma4_z	18.604345798713116
Pos3	YFP	positive_mean_intensity_sigma4_z	39.469528358990345
Pos30	RFP	positive_mean_intensity_sigma4_z	16.945261328572844
Pos30	YFP	positive_mean_intensity_sigma4_z	
Pos31	RFP	positive_mean_intensity_sigma4_z	19.007496344809724
Pos31	YFP	positive_mean_intensity_sigma4_z	
Pos32	RFP	positive_mean_intensity_sigma4_z	24.674697646068243
Pos32	YFP	positive_mean_intensity_sigma4_z	
Pos33	RFP	positive_mean_intensity_sigma4_z	51.998782799625225
Pos33	YFP	positive_mean_intensity_sigma4_z	
Pos34	RFP	positive_mean_intensity_sigma4_z	14.029225492354422
Pos34	YFP	positive_mean_intensity_sigma4_z	6.379428242303542
Pos35	RFP	positive_mean_intensity_sigma4_z	18.45875511726016
Pos35	YFP	positive_mean_intensity_sigma4_z	
Pos36	RFP	positive_mean_intensity_sigma4_z	9.507249892440868
Pos36	YFP	positive_mean_intensity_sigma4_z	
Pos37	RFP	positive_mean_intensity_sigma4_z	18.773736177751513
Pos37	YFP	positive_mean_intensity_sigma4_z	
Pos38	RFP	positive_mean_intensity_sigma4_z	30.434484179292944
Pos38	YFP	positive_mean_intensity_sigma4_z	32.730413871630994
Pos39	RFP	positive_mean_intensity_sigma4_z	22.40141521817263
Pos39	YFP	positive_mean_intensity_sigma4_z	25.610655689251477
Pos4	RFP	positive_mean_intensity_sigma4_z	14.338569265440764
Pos4	YFP	positive_mean_intensity_sigma4_z	
Pos40	RFP	positive_mean_intensity_sigma4_z	32.237077000495546
Pos40	YFP	positive_mean_intensity_sigma4_z	
Pos41	RFP	positive_mean_intensity_sigma4_z	27.49566924471225
Pos41	YFP	positive_mean_intensity_sigma4_z	
Pos42	RFP	positive_mean_intensity_sigma4_z	2.625
Pos42	YFP	positive_mean_intensity_sigma4_z	10.225846345660438
Pos43	RFP	positive_mean_intensity_sigma4_z	16.545041233743692
Pos43	YFP	positive_mean_intensity_sigma4_z	
Pos44	RFP	positive_mean_intensity_sigma4_z	23.785743932499777
Pos44	YFP	positive_mean_intensity_sigma4_z	
Pos45	RFP	positive_mean_intensity_sigma4_z	24.586276489265032
Pos45	YFP	positive_mean_intensity_sigma4_z	
Pos46	RFP	positive_mean_intensity_sigma4_z	25.142708499608197
Pos46	YFP	positive_mean_intensity_sigma4_z	
Pos47	RFP	positive_mean_intensity_sigma4_z	18.730116278330787
Pos47	YFP	positive_mean_intensity_sigma4_z	15.555369533786767
Pos48	RFP	positive_mean_intensity_sigma4_z	28.113496564887008
Pos48	YFP	positive_mean_intensity_sigma4_z	
Pos49	RFP	positive_mean_intensity_sigma4_z	24.291486226525826
Pos49	YFP	positive_mean_intensity_sigma4_z	
Pos5	RFP	positive_mean_intensity_sigma4_z	17.358585325174094
Pos5	YFP	positive_mean_intensity_sigma4_z	
Pos50	RFP	positive_mean_intensity_sigma4_z	
Pos50	YFP	positive_mean_intensity_sigma4_z	
Pos51	RFP	positive_mean_intensity_sigma4_z	13.503599965975154
Pos51	YFP	positive_mean_intensity_sigma4_z	
Pos52	RFP	positive_mean_intensity_sigma4_z	16.779462272427335
Pos52	YFP	positive_mean_intensity_sigma4_z	
Pos53	RFP	positive_mean_intensity_sigma4_z	22.325524042609203
Pos53	YFP	positive_mean_intensity_sigma4_z	
Pos54	RFP	positive_mean_intensity_sigma4_z	44.12629334939953
Pos54	YFP	positive_mean_intensity_sigma4_z	
Pos55	RFP	positive_mean_intensity_sigma4_z	24.068289578789805
Pos55	YFP	positive_mean_intensity_sigma4_z	38.32363949682763
Pos56	RFP	positive_mean_intensity_sigma4_z	53.819645312323
Pos56	YFP	positive_mean_intensity_sigma4_z	
Pos57	RFP	positive_mean_intensity_sigma4_z	19.585062595821242
Pos57	YFP	positive_mean_intensity_sigma4_z	30.28111912855805
Pos58	RFP	positive_mean_intensity_sigma4_z	17.009639135588802
Pos58	YFP	positive_mean_intensity_sigma4_z	41.85023832764006
Pos59	RFP	positive_mean_intensity_sigma4_z	18.59547733427745
Pos59	YFP	positive_mean_intensity_sigma4_z	23.536370788312574
Pos6	RFP	positive_mean_intensity_sigma4_z	20.178777415926245
Pos6	YFP	positive_mean_intensity_sigma4_z	25.646654930963102
Pos60	RFP	positive_mean_intensity_sigma4_z	16.9451759617928
Pos60	YFP	positive_mean_intensity_sigma4_z	
Pos61	RFP	positive_mean_intensity_sigma4_z	24.06364937163503
Pos61	YFP	positive_mean_intensity_sigma4_z	33.95845379622593
Pos62	RFP	positive_mean_intensity_sigma4_z	27.02922152603713
Pos62	YFP	positive_mean_intensity_sigma4_z	
Pos63	RFP	positive_mean_intensity_sigma4_z	22.290081837494686
Pos63	YFP	positive_mean_intensity_sigma4_z	
Pos64	RFP	positive_mean_intensity_sigma4_z	24.61507032242948
Pos64	YFP	positive_mean_intensity_sigma4_z	42.63371087232972
Pos7	RFP	positive_mean_intensity_sigma4_z	15.236279029616313
Pos7	YFP	positive_mean_intensity_sigma4_z	35.39077067519159
Pos8	RFP	positive_mean_intensity_sigma4_z	25.964211412378315
Pos8	YFP	positive_mean_intensity_sigma4_z	25.087121970907482
Pos9	RFP	positive_mean_intensity_sigma4_z	29.037123803724096
Pos9	YFP	positive_mean_intensity_sigma4_z	
Pos0	RFP	positive_mean_intensity_sigma5_z	12.999994764774582
Pos0	YFP	positive_mean_intensity_sigma5_z	
Pos1	RFP	positive_mean_intensity_sigma5_z	11.389654887712942
Pos1	YFP	positive_mean_intensity_sigma5_z	
Pos10	RFP	positive_mean_intensity_sigma5_z	19.675541395973987
Pos10	YFP	positive_mean_intensity_sigma5_z	
Pos11	RFP	positive_mean_intensity_sigma5_z	14.53690247741893
Pos11	YFP	positive_mean_intensity_sigma5_z	
Pos12	RFP	positive_mean_intensity_sigma5_z	
Pos12	YFP	positive_mean_intensity_sigma5_z	
Pos13	RFP	positive_mean_intensity_sigma5_z	15.02533151777413
Pos13	YFP	positive_mean_intensity_sigma5_z	
Pos14	RFP	positive_mean_intensity_sigma5_z	22.679502208910456
Pos14	YFP	positive_mean_intensity_sigma5_z	41.58481780477222
Pos15	RFP	positive_mean_intensity_sigma5_z	24.015879850217654
Pos15	YFP	positive_mean_intensity_sigma5_z	29.92840618243748
Pos16	RFP	positive_mean_intensity_sigma5_z	20.114972288201184
Pos16	YFP	positive_mean_intensity_sigma5_z	
Pos17	RFP	positive_mean_intensity_sigma5_z	14.739702967110123
Pos17	YFP	positive_mean_intensity_sigma5_z	29.839234898544813
Pos18	RFP	positive_mean_intensity_sigma5_z	11.281071436554067
Pos18	YFP	positive_mean_intensity_sigma5_z	
Pos19	RFP	positive_mean_intensity_sigma5_z	9.002050425321139
Pos19	YFP	positive_mean_intensity_sigma5_z	
Pos2	RFP	positive_mean_intensity_sigma5_z	26.565211185520415
Pos2	YFP	positive_mean_intensity_sigma5_z	
Pos20	RFP	positive_mean_intensity_sigma5_z	16.855721856263674
Pos20	YFP	positive_mean_intensity_sigma5_z	
Pos21	RFP	positive_mean_intensity_sigma5_z	11.75344754117062
Pos21	YFP	positive_mean_intensity_sigma5_z	4.970724032118487
Pos22	RFP	positive_mean_intensity_sigma5_z	14.166777478338574
Pos22	YFP	positive_mean_intensity_sigma5_z	30.85694925290636
Pos23	RFP	positive_mean_intensity_sigma5_z	13.649240556956187
Pos23	YFP	positive_mean_intensity_sigma5_z	
Pos24	RFP	positive_mean_intensity_sigma5_z	16.32582243587469
Pos24	YFP	positive_mean_intensity_sigma5_z	
Pos25	RFP	positive_mean_intensity_sigma5_z	15.995605244164313
Pos25	YFP	positive_mean_intensity_sigma5_z	15.388574319811848
Pos26	RFP	positive_mean_intensity_sigma5_z	12.764796074444996
Pos26	YFP	positive_mean_intensity_sigma5_z	
Pos27	RFP	positive_mean_intensity_sigma5_z	22.704701431866944
Pos27	YFP	positive_mean_intensity_sigma5_z	
Pos28	RFP	positive_mean_intensity_sigma5_z	14.897212025990992
Pos28	YFP	positive_mean_intensity_sigma5_z	
Pos29	RFP	positive_mean_intensity_sigma5_z	27.754654438726025
Pos29	YFP	positive_mean_intensity_sigma5_z	
Pos3	RFP	positive_mean_intensity_sigma5_z	19.05069105762915
Pos3	YFP	positive_mean_intensity_sigma5_z	34.28163595477526
Pos30	RFP	positive_mean_intensity_sigma5_z	17.843124990943465
Pos30	YFP	positive_mean_intensity_sigma5_z	
Pos31	RFP	positive_mean_intensity_sigma5_z	23.78439840597916
Pos31	YFP	positive_mean_intensity_sigma5_z	
Pos32	RFP	positive_mean_intensity_sigma5_z	24.535006017669865
Pos32	YFP	positive_mean_intensity_sigma5_z	
Pos33	RFP	positive_mean_intensity_sigma5_z	50.470206667725826
Pos33	YFP	positive_mean_intensity_sigma5_z	
Pos34	RFP	positive_mean_intensity_sigma5_z	13.069102229388523
Pos34	YFP	positive_mean_intensity_sigma5_z	
Pos35	RFP	positive_mean_intensity_sigma5_z	22.1421954223852
Pos35	YFP	positive_mean_intensity_sigma5_z	
Pos36	RFP	positive_mean_intensity_sigma5_z	9.308605753470165
Pos36	YFP	positive_mean_intensity_sigma5_z	
Pos37	RFP	positive_mean_intensity_sigma5_z	19.783119601144584
Pos37	YFP	positive_mean_intensity_sigma5_z	
Pos38	RFP	positive_mean_intensity_sigma5_z	
Pos38	YFP	positive_mean_intensity_sigma5_z	
Pos39	RFP	positive_mean_intensity_sigma5_z	22.850741102941285
Pos39	YFP	positive_mean_intensity_sigma5_z	
Pos4	RFP	positive_mean_intensity_sigma5_z	14.820619344951552
Pos4	YFP	positive_mean_intensity_sigma5_z	
Pos40	RFP	positive_mean_intensity_sigma5_z	33.884249690702134
Pos40	YFP	positive_mean_intensity_sigma5_z	
Pos41	RFP	positive_mean_intensity_sigma5_z	27.232382859598182
Pos41	YFP	positive_mean_intensity_sigma5_z	
Pos42	RFP	positive_mean_intensity_sigma5_z	8.142366325148808
Pos42	YFP	positive_mean_intensity_sigma5_z	
Pos43	RFP	positive_mean_intensity_sigma5_z	16.843357845245993
Pos43	YFP	positive_mean_intensity_sigma5_z	
Pos44	RFP	positive_mean_intensity_sigma5_z	65.4104436630092
Pos44	YFP	positive_mean_intensity_sigma5_z	
Pos45	RFP	positive_mean_intensity_sigma5_z	25.115934855291126
Pos45	YFP	positive_mean_intensity_sigma5_z	
Pos46	RFP	positive_mean_intensity_sigma5_z	
Pos46	YFP	positive_mean_intensity_sigma5_z	
Pos47	RFP	positive_mean_intensity_sigma5_z	19.726635679044747
Pos47	YFP	positive_mean_intensity_sigma5_z	16.789615876290547
Pos48	RFP	positive_mean_intensity_sigma5_z	28.36793759013792
Pos48	YFP	positive_mean_intensity_sigma5_z	
Pos49	RFP	positive_mean_intensity_sigma5_z	23.992058643818574
Pos49	YFP	positive_mean_intensity_sigma5_z	
Pos5	RFP	positive_mean_intensity_sigma5_z	17.667558608513882
Pos5	YFP	positive_mean_intensity_sigma5_z	
Pos50	RFP	positive_mean_intensity_sigma5_z	
Pos50	YFP	positive_mean_intensity_sigma5_z	
Pos51	RFP	positive_mean_intensity_sigma5_z	13.92372534255939
Pos51	YFP	positive_mean_intensity_sigma5_z	
Pos52	RFP	positive_mean_intensity_sigma5_z	17.43520920019917
Pos52	YFP	positive_mean_intensity_sigma5_z	
Pos53	RFP	positive_mean_intensity_sigma5_z	23.39275427018537
Pos53	YFP	positive_mean_intensity_sigma5_z	
Pos54	RFP	positive_mean_intensity_sigma5_z	44.98769486292456
Pos54	YFP	positive_mean_intensity_sigma5_z	
Pos55	RFP	positive_mean_intensity_sigma5_z	24.302369000684223
Pos55	YFP	positive_mean_intensity_sigma5_z	39.49472898669133
Pos56	RFP	positive_mean_intensity_sigma5_z	54.47582951701992
Pos56	YFP	positive_mean_intensity_sigma5_z	
Pos57	RFP	positive_mean_intensity_sigma5_z	20.326673304932996
Pos57	YFP	positive_mean_intensity_sigma5_z	33.14928162864195
Pos58	RFP	positive_mean_intensity_sigma5_z	16.964450901881886
Pos58	YFP	positive_mean_intensity_sigma5_z	43.54070746627648
Pos59	RFP	positive_mean_intensity_sigma5_z	19.382623339915064
Pos59	YFP	positive_mean_intensity_sigma5_z	23.700453950411042
Pos6	RFP	positive_mean_intensity_sigma5_z	20.448649643299945
Pos6	YFP	positive_mean_intensity_sigma5_z	33.26689816853263
Pos60	RFP	positive_mean_intensity_sigma5_z	16.812517129665412
Pos60	YFP	positive_mean_intensity_sigma5_z	
Pos61	RFP	positive_mean_intensity_sigma5_z	23.819358404220527
Pos61	YFP	positive_mean_intensity_sigma5_z	34.96818404497776
Pos62	RFP	positive_mean_intensity_sigma5_z	27.96573710785931
Pos62	YFP	positive_mean_intensity_sigma5_z	
Pos63	RFP	positive_mean_intensity_sigma5_z	23.01267127599849
Pos63	YFP	positive_mean_intensity_sigma5_z	
Pos64	RFP	positive_mean_intensity_sigma5_z	25.874267736827864
Pos64	YFP	positive_mean_intensity_sigma5_z	
Pos7	RFP	positive_mean_intensity_sigma5_z	15.37287378901286
Pos7	YFP	positive_mean_intensity_sigma5_z	35.808516863312434
Pos8	RFP	positive_mean_intensity_sigma5_z	26.014206093250205
Pos8	YFP	positive_mean_intensity_sigma5_z	25.60629439371584
Pos9	RFP	positive_mean_intensity_sigma5_z	29.01342781006422
Pos9	YFP	positive_mean_intensity_sigma5_z	
