measurement_name	bin_idx	bin_start_um	bin_end_um	bin_mid_um	bin_width_um	total_count_px	n_images	mean	sd	sem
fixed_tagyfp_bgz_over_dapi_gate	0	0.09012401849031448	110.72789001464844	73.79715728759766	110.63776599615812	819754	36	0.000112705114891772	7.174914402880224e-05	1.195819067146704e-05
fixed_tagyfp_bgz_over_dapi_gate	1	110.72795867919922	156.5625762939453	134.95480346679688	45.834617614746094	819755	36	0.0001124744669848749	7.363810482316277e-05	1.2273017470527128e-05
fixed_tagyfp_bgz_over_dapi_gate	2	156.5625762939453	191.7302703857422	174.7366485595703	35.167694091796875	819755	36	0.00010960212865837902	7.595643715675665e-05	1.2659406192792775e-05
fixed_tagyfp_bgz_over_dapi_gate	3	191.73031616210938	221.38168334960938	206.9105224609375	29.6513671875	819755	36	0.00010730271398844909	7.743202387959595e-05	1.290533731326599e-05
fixed_tagyfp_bgz_over_dapi_gate	4	221.38168334960938	247.51458740234375	234.6889190673828	26.132904052734375	819755	36	0.00010709487049906683	8.328922195384867e-05	1.3881536992308113e-05
fixed_tagyfp_bgz_over_dapi_gate	5	247.5146026611328	271.18231201171875	259.5225524902344	23.667709350585938	819755	36	0.00010887650728363951	9.0025154930688e-05	1.5004192488448e-05
fixed_tagyfp_bgz_over_dapi_gate	6	271.18231201171875	293.0216064453125	282.23260498046875	21.83929443359375	819755	36	0.00011149498206779956	0.00010130779394860801	1.6884632324768002e-05
fixed_tagyfp_bgz_over_dapi_gate	7	293.0216369628906	313.46197509765625	303.34393310546875	20.440338134765625	819754	36	0.00011616012578643777	0.00012180967657895939	2.03016127631599e-05
fixed_tagyfp_bgz_over_dapi_gate	8	313.4620666503906	332.790771484375	323.21405029296875	19.328704833984375	819754	36	0.00012095742933284883	0.00014427830894723706	2.404638482453951e-05
fixed_tagyfp_bgz_over_dapi_gate	9	332.79083251953125	351.1492614746094	342.0450439453125	18.358428955078125	819755	36	0.0001245246606724019	0.000161919613566891	2.6986602261148503e-05
fixed_tagyfp_bgz_over_dapi_gate	10	351.1492614746094	368.67169189453125	359.97686767578125	17.522430419921875	819755	36	0.00012786820809651545	0.00017053258331494142	2.8422097219156902e-05
fixed_tagyfp_bgz_over_dapi_gate	11	368.6717224121094	385.443603515625	377.11419677734375	16.771881103515625	819754	36	0.00013063838792327765	0.00017635679526646774	2.9392799211077956e-05
fixed_tagyfp_bgz_over_dapi_gate	12	385.44366455078125	401.570068359375	393.5552062988281	16.12640380859375	819756	36	0.00013169812405067205	0.00018030477994647142	3.0050796657745237e-05
fixed_tagyfp_bgz_over_dapi_gate	13	401.570068359375	417.1886291503906	409.41632080078125	15.618560791015625	819755	36	0.00013248231049247907	0.00018309948076036713	3.0516580126727856e-05
fixed_tagyfp_bgz_over_dapi_gate	14	417.18865966796875	432.385009765625	424.8204345703125	15.19635009765625	819754	36	0.00013188142475605168	0.00018351785474116214	3.058630912352702e-05
fixed_tagyfp_bgz_over_dapi_gate	15	432.3850402832031	447.22393798828125	439.83111572265625	14.838897705078125	819754	36	0.000128204047756005	0.00018479367284517085	3.079894547419514e-05
fixed_tagyfp_bgz_over_dapi_gate	16	447.2239685058594	461.7875671386719	454.525634765625	14.5635986328125	819754	36	0.00012633972807584036	0.000186910073823213	3.1151678970535496e-05
fixed_tagyfp_bgz_over_dapi_gate	17	461.7876281738281	476.1015930175781	468.9639892578125	14.31396484375	819755	36	0.00012444614228949527	0.00019257947245272054	3.209657874212009e-05
fixed_tagyfp_bgz_over_dapi_gate	18	476.1015930175781	490.19207763671875	483.1618347167969	14.090484619140625	819755	36	0.00011549736895075411	0.00019434441375216002	3.2390735625360004e-05
fixed_tagyfp_bgz_over_dapi_gate	19	490.1921081542969	504.16961669921875	497.18389892578125	13.977508544921875	819754	36	0.00010510412436006946	0.00019457621113992967	3.242936852332161e-05
fixed_tagyfp_bgz_over_dapi_gate	20	504.1696472167969	518.2131958007812	511.17779541015625	14.043548583984375	819756	36	9.261656415067894e-05	0.0001954686103371234	3.25781017228539e-05
fixed_tagyfp_bgz_over_dapi_gate	21	518.2131958007812	532.550048828125	525.3401489257812	14.33685302734375	819760	36	7.946324104482174e-05	0.0001917333903429221	3.1955565057153684e-05
fixed_tagyfp_bgz_over_dapi_gate	22	532.550048828125	547.5802001953125	539.98583984375	15.0301513671875	819757	36	6.329926679882192e-05	0.00018320175437110586	3.0533625728517646e-05
fixed_tagyfp_bgz_over_dapi_gate	23	547.5802001953125	564.0034790039062	555.6431274414062	16.42327880859375	819756	36	3.870831439674779e-05	0.00018954502611215953	3.159083768535992e-05
fixed_tagyfp_bgz_over_dapi_gate	24	564.0034790039062	582.607421875	573.0750732421875	18.60394287109375	819764	36	2.4112189254626377e-05	0.0002153715389481472	3.5895256491357865e-05
fixed_tagyfp_bgz_over_dapi_gate	25	582.607421875	604.9051513671875	593.358642578125	22.2977294921875	819755	36	-1.506094779162797e-06	0.00022754242976854178	3.7923738294756964e-05
fixed_tagyfp_bgz_over_dapi_gate	26	604.9052124023438	634.081298828125	618.6015014648438	29.17608642578125	819758	36	-3.235224145707131e-05	0.000255070051288675	4.251167521477917e-05
fixed_tagyfp_bgz_over_dapi_gate	27	634.081298828125	686.9393310546875	656.6654663085938	52.8580322265625	819755	36	-3.3681674974812064e-05	0.0003506297599176967	5.843829331961611e-05
fixed_tagyfp_bgz_over_dapi_gate	28	686.939453125	906.60498046875	729.4296875	219.66552734375	422277	35	-0.0001939181358985869	0.000517245326360149	8.743041766234401e-05
fixed_sox2_bgz_over_dapi_gate	0	0.09012401849031448	110.72789001464844	73.79715728759766	110.63776599615812	819754	36	0.007261832141213947	0.0015030300018256874	0.0002505050003042812
fixed_sox2_bgz_over_dapi_gate	1	110.72795867919922	156.5625762939453	134.95480346679688	45.834617614746094	819755	36	0.007737236964102421	0.0014915269944496983	0.0002485878324082831
fixed_sox2_bgz_over_dapi_gate	2	156.5625762939453	191.7302703857422	174.7366485595703	35.167694091796875	819755	36	0.008092793377323283	0.001542330761010097	0.00025705512683501613
fixed_sox2_bgz_over_dapi_gate	3	191.73031616210938	221.38168334960938	206.9105224609375	29.6513671875	819755	36	0.008222846547141671	0.001594331635853297	0.0002657219393088828
fixed_sox2_bgz_over_dapi_gate	4	221.38168334960938	247.51458740234375	234.6889190673828	26.132904052734375	819755	36	0.008246506771279706	0.0016719264884353555	0.0002786544147392259
fixed_sox2_bgz_over_dapi_gate	5	247.5146026611328	271.18231201171875	259.5225524902344	23.667709350585938	819755	36	0.008115515513863001	0.001767041767926606	0.000294506961321101
fixed_sox2_bgz_over_dapi_gate	6	271.18231201171875	293.0216064453125	282.23260498046875	21.83929443359375	819755	36	0.007791668538832002	0.0017900362854519113	0.0002983393809086519
fixed_sox2_bgz_over_dapi_gate	7	293.0216369628906	313.46197509765625	303.34393310546875	20.440338134765625	819754	36	0.00736762637582918	0.0018106465854510363	0.0003017744309085061
fixed_sox2_bgz_over_dapi_gate	8	313.4620666503906	332.790771484375	323.21405029296875	19.328704833984375	819754	36	0.006920599689086278	0.0017660876432303038	0.00029434794053838397
fixed_sox2_bgz_over_dapi_gate	9	332.79083251953125	351.1492614746094	342.0450439453125	18.358428955078125	819755	36	0.006606101440007074	0.0016950012387877233	0.00028250020646462056
fixed_sox2_bgz_over_dapi_gate	10	351.1492614746094	368.67169189453125	359.97686767578125	17.522430419921875	819755	36	0.0064905940606776215	0.0016158104602280608	0.0002693017433713435
fixed_sox2_bgz_over_dapi_gate	11	368.6717224121094	385.443603515625	377.11419677734375	16.771881103515625	819754	36	0.0065927443210966885	0.001630798446185293	0.0002717997410308822
fixed_sox2_bgz_over_dapi_gate	12	385.44366455078125	401.570068359375	393.5552062988281	16.12640380859375	819756	36	0.0068332209937377935	0.0017203597431024941	0.00028672662385041567
fixed_sox2_bgz_over_dapi_gate	13	401.570068359375	417.1886291503906	409.41632080078125	15.618560791015625	819755	36	0.007203558653903504	0.00187011359061874	0.00031168559843645666
fixed_sox2_bgz_over_dapi_gate	14	417.18865966796875	432.385009765625	424.8204345703125	15.19635009765625	819754	36	0.007601683868819641	0.002055013139806627	0.0003425021899677711
fixed_sox2_bgz_over_dapi_gate	15	432.3850402832031	447.22393798828125	439.83111572265625	14.838897705078125	819754	36	0.007962634592937926	0.002227053113460766	0.00037117551891012766
fixed_sox2_bgz_over_dapi_gate	16	447.2239685058594	461.7875671386719	454.525634765625	14.5635986328125	819754	36	0.008247707103792992	0.0024182409241425276	0.0004030401540237546
fixed_sox2_bgz_over_dapi_gate	17	461.7876281738281	476.1015930175781	468.9639892578125	14.31396484375	819755	36	0.008392391305985965	0.0026133380787498463	0.0004355563464583077
fixed_sox2_bgz_over_dapi_gate	18	476.1015930175781	490.19207763671875	483.1618347167969	14.090484619140625	819755	36	0.008367549375786135	0.0027880271948829906	0.0004646711991471651
fixed_sox2_bgz_over_dapi_gate	19	490.1921081542969	504.16961669921875	497.18389892578125	13.977508544921875	819754	36	0.008275446417327557	0.0029490715418576023	0.0004915119236429338
fixed_sox2_bgz_over_dapi_gate	20	504.1696472167969	518.2131958007812	511.17779541015625	14.043548583984375	819756	36	0.00807588112850984	0.0030788509237736515	0.0005131418206289419
fixed_sox2_bgz_over_dapi_gate	21	518.2131958007812	532.550048828125	525.3401489257812	14.33685302734375	819760	36	0.0077536335512478315	0.003184683901865455	0.0005307806503109092
fixed_sox2_bgz_over_dapi_gate	22	532.550048828125	547.5802001953125	539.98583984375	15.0301513671875	819757	36	0.00733141207213824	0.003256782091734845	0.0005427970152891409
fixed_sox2_bgz_over_dapi_gate	23	547.5802001953125	564.0034790039062	555.6431274414062	16.42327880859375	819756	36	0.006877902710887914	0.0033167176533283895	0.0005527862755547316
fixed_sox2_bgz_over_dapi_gate	24	564.0034790039062	582.607421875	573.0750732421875	18.60394287109375	819764	36	0.0063317772647779845	0.0034251303413019847	0.0005708550568836641
fixed_sox2_bgz_over_dapi_gate	25	582.607421875	604.9051513671875	593.358642578125	22.2977294921875	819755	36	0.005551820640296985	0.003377197746474044	0.0005628662910790073
fixed_sox2_bgz_over_dapi_gate	26	604.9052124023438	634.081298828125	618.6015014648438	29.17608642578125	819758	36	0.004316810128835237	0.003442419331443825	0.0005737365552406375
fixed_sox2_bgz_over_dapi_gate	27	634.081298828125	686.9393310546875	656.6654663085938	52.8580322265625	819755	36	0.0027367869234795864	0.0033470833295310407	0.0005578472215885068
fixed_sox2_bgz_over_dapi_gate	28	686.939453125	906.60498046875	729.4296875	219.66552734375	422277	35	0.0009041440477761041	0.0008031173383999217	0.00013575160711898712
fixed_t_bgz_over_dapi_gate	0	0.09012401849031448	110.72789001464844	73.79715728759766	110.63776599615812	819754	36	0.006536406736510496	0.001068013748822726	0.00017800229147045435
fixed_t_bgz_over_dapi_gate	1	110.72795867919922	156.5625762939453	134.95480346679688	45.834617614746094	819755	36	0.006569535898355146	0.0009571110160959541	0.00015951850268265902
fixed_t_bgz_over_dapi_gate	2	156.5625762939453	191.7302703857422	174.7366485595703	35.167694091796875	819755	36	0.0066020686903761495	0.0010240379585021696	0.00017067299308369492
fixed_t_bgz_over_dapi_gate	3	191.73031616210938	221.38168334960938	206.9105224609375	29.6513671875	819755	36	0.0068623959086835384	0.0010869820714756214	0.00018116367857927025
fixed_t_bgz_over_dapi_gate	4	221.38168334960938	247.51458740234375	234.6889190673828	26.132904052734375	819755	36	0.007237857104175621	0.001149474708576605	0.00019157911809610084
fixed_t_bgz_over_dapi_gate	5	247.5146026611328	271.18231201171875	259.5225524902344	23.667709350585938	819755	36	0.007717172395334476	0.001231295344077543	0.0002052158906795905
fixed_t_bgz_over_dapi_gate	6	271.18231201171875	293.0216064453125	282.23260498046875	21.83929443359375	819755	36	0.008284638402983546	0.0012638162071827927	0.00021063603453046545
fixed_t_bgz_over_dapi_gate	7	293.0216369628906	313.46197509765625	303.34393310546875	20.440338134765625	819754	36	0.008817077071095506	0.0013183243497531965	0.0002197207249588661
fixed_t_bgz_over_dapi_gate	8	313.4620666503906	332.790771484375	323.21405029296875	19.328704833984375	819754	36	0.009261327886229588	0.001430861400097503	0.0002384769000162505
fixed_t_bgz_over_dapi_gate	9	332.79083251953125	351.1492614746094	342.0450439453125	18.358428955078125	819755	36	0.009750468695225814	0.001608367636550985	0.0002680612727584975
fixed_t_bgz_over_dapi_gate	10	351.1492614746094	368.67169189453125	359.97686767578125	17.522430419921875	819755	36	0.01026903552054945	0.0017824343168477686	0.0002970723861412948
fixed_t_bgz_over_dapi_gate	11	368.6717224121094	385.443603515625	377.11419677734375	16.771881103515625	819754	36	0.010902174425104426	0.001973865292459444	0.0003289775487432406
fixed_t_bgz_over_dapi_gate	12	385.44366455078125	401.570068359375	393.5552062988281	16.12640380859375	819756	36	0.011557276671131453	0.0021250852622344287	0.00035418087703907147
fixed_t_bgz_over_dapi_gate	13	401.570068359375	417.1886291503906	409.41632080078125	15.618560791015625	819755	36	0.012169041826079289	0.0022290965900433712	0.0003715160983405619
fixed_t_bgz_over_dapi_gate	14	417.18865966796875	432.385009765625	424.8204345703125	15.19635009765625	819754	36	0.012810777821060684	0.0023690626361002553	0.00039484377268337586
fixed_t_bgz_over_dapi_gate	15	432.3850402832031	447.22393798828125	439.83111572265625	14.838897705078125	819754	36	0.013437034251789251	0.002438149753145477	0.00040635829219091285
fixed_t_bgz_over_dapi_gate	16	447.2239685058594	461.7875671386719	454.525634765625	14.5635986328125	819754	36	0.014221999716634551	0.0025756541316198584	0.00042927568860330975
fixed_t_bgz_over_dapi_gate	17	461.7876281738281	476.1015930175781	468.9639892578125	14.31396484375	819755	36	0.015066840685904026	0.0026753671162561225	0.0004458945193760204
fixed_t_bgz_over_dapi_gate	18	476.1015930175781	490.19207763671875	483.1618347167969	14.090484619140625	819755	36	0.015831956639885902	0.002732750743827125	0.0004554584573045208
fixed_t_bgz_over_dapi_gate	19	490.1921081542969	504.16961669921875	497.18389892578125	13.977508544921875	819754	36	0.016552895902552538	0.0027144204440139124	0.00045240340733565206
fixed_t_bgz_over_dapi_gate	20	504.1696472167969	518.2131958007812	511.17779541015625	14.043548583984375	819756	36	0.0173033453627593	0.002607576745588865	0.00043459612426481083
fixed_t_bgz_over_dapi_gate	21	518.2131958007812	532.550048828125	525.3401489257812	14.33685302734375	819760	36	0.017884584893989895	0.0025766780429705176	0.0004294463404950863
fixed_t_bgz_over_dapi_gate	22	532.550048828125	547.5802001953125	539.98583984375	15.0301513671875	819757	36	0.018270300157989066	0.0026346256815515294	0.00043910428025858826
fixed_t_bgz_over_dapi_gate	23	547.5802001953125	564.0034790039062	555.6431274414062	16.42327880859375	819756	36	0.01875638276235097	0.0026902078621979003	0.0004483679770329834
fixed_t_bgz_over_dapi_gate	24	564.0034790039062	582.607421875	573.0750732421875	18.60394287109375	819764	36	0.019035906453306477	0.00272801626815562	0.00045466937802593666
fixed_t_bgz_over_dapi_gate	25	582.607421875	604.9051513671875	593.358642578125	22.2977294921875	819755	36	0.01904146318944792	0.0022914826533316705	0.0003819137755552784
fixed_t_bgz_over_dapi_gate	26	604.9052124023438	634.081298828125	618.6015014648438	29.17608642578125	819758	36	0.01868790970183909	0.0022444473778919414	0.00037407456298199025
fixed_t_bgz_over_dapi_gate	27	634.081298828125	686.9393310546875	656.6654663085938	52.8580322265625	819755	36	0.018185887589222856	0.0024030600229684187	0.0004005100038280698
fixed_t_bgz_over_dapi_gate	28	686.939453125	906.60498046875	729.4296875	219.66552734375	422277	35	0.018089169077575205	0.003815386471777961	0.0006449180220113533
