summary_level	image_id	file_id	condition	position_label	file_name	z_index	mask_pixels	foxf1_positive_pixels	foxf1_positive_fraction_of_mask	foxf1_positive_host_strict_pixels	foxf1_positive_donor_strict_pixels	foxf1_positive_mixed_pixels	foxf1_positive_unlabeled_pixels	foxf1_positive_host_class_pixels	foxf1_positive_donor_class_pixels	foxf1_positive_host_partition_pixels	foxf1_positive_donor_partition_pixels	foxf1_positive_host_strict_fraction	foxf1_positive_donor_strict_fraction	foxf1_positive_mixed_fraction	foxf1_positive_unlabeled_fraction	foxf1_positive_host_class_fraction	foxf1_positive_donor_class_fraction	foxf1_positive_host_partition_fraction	foxf1_positive_donor_partition_fraction	foxf1_ratio_mean_in_foxf1_positive	host_ratio_mean_in_foxf1_positive	donor_ratio_mean_in_foxf1_positive	foxf1_threshold	host_threshold	foxf1_host_seed_threshold	donor_threshold	foxf1_region_mode	foxf1_lineage_mode	lineage_partition_mode	foxf1_host_seed_threshold_scale	foxf1_component_radius_px	foxf1_raw_positive_pixels	donor_raw_positive_pixels	donor_graft_pixels	host_lineage_pixels	donor_lineage_pixels	host_seed_pixels	foxf1_donor_halo_pixels
plane	img04	4.0	BMPR1A_KD	1(z3)	1(z3).tif	0.0	248977	38600	0.15503440076794242	447	32767	287	5099	734	32767	724	37876	0.011580310880829016	0.8488860103626943	0.007435233160621762	0.13209844559585493	0.019015544041450776	0.8488860103626943	0.018756476683937824	0.9812435233160621	0.0819706991314888	0.15401513874530792	0.15390105545520782	0.04765405076404103	0.3675140381004487	0.422641143815516	0.08820446440447842	donor_adjacent_component	full_mask_intensity_seed_partition	full_mask_intensity_seed_partition	1.15	80.0	39099	36430	35747	206749	42228	200217	82986
plane	img04	4.0	BMPR1A_KD	1(z3)	1(z3).tif	1.0	246886	38865	0.15742083390714742	527	32573	287	5478	814	32573	770	38095	0.013559758137141387	0.8381062652772417	0.007384536215103564	0.14094944037051332	0.02094429435224495	0.8381062652772417	0.019812170333204683	0.9801878296667953	0.08211018890142441	0.15109938383102417	0.1538737416267395	0.04765405076404103	0.3675140381004487	0.422641143815516	0.08820446440447842	donor_adjacent_component	full_mask_intensity_seed_partition	full_mask_intensity_seed_partition	1.15	80.0	39356	36038	35365	204351	42535	196371	83489
plane	img04	4.0	BMPR1A_KD	1(z3)	1(z3).tif	2.0	245350	38928	0.1586631342979417	497	32363	211	5857	708	32363	779	38149	0.012767159884915742	0.8313553226469379	0.00542026304973284	0.15045725441841348	0.018187422934648582	0.8313553226469379	0.020011302918207973	0.979988697081792	0.08237873017787933	0.14703577756881714	0.1547078788280487	0.04765405076404103	0.3675140381004487	0.422641143815516	0.08820446440447842	donor_adjacent_component	full_mask_intensity_seed_partition	full_mask_intensity_seed_partition	1.15	80.0	39316	35853	34840	202210	43140	192912	83612
plane	img04	4.0	BMPR1A_KD	1(z3)	1(z3).tif	3.0	244209	39009	0.1597361276611427	395	32799	171	5644	566	32799	652	38357	0.010125868389346048	0.8408059678535722	0.004383603783742213	0.14468455997333948	0.014509472173088261	0.8408059678535722	0.01671409161988259	0.9832859083801174	0.08281708508729935	0.14218448102474213	0.15581147372722626	0.04765405076404103	0.3675140381004487	0.422641143815516	0.08820446440447842	donor_adjacent_component	full_mask_intensity_seed_partition	full_mask_intensity_seed_partition	1.15	80.0	39466	36121	35036	200807	43402	189554	84274
plane	img04	4.0	BMPR1A_KD	1(z3)	1(z3).tif	4.0	243476	39083	0.16052095483743778	384	33173	137	5389	521	33173	652	38431	0.00982524371209989	0.8487833584934626	0.0035053603868689712	0.1378860374075685	0.013330604098968862	0.8487833584934626	0.01668244505283627	0.9833175549471638	0.08276987820863724	0.13879859447479248	0.15649616718292236	0.04765405076404103	0.3675140381004487	0.422641143815516	0.08820446440447842	donor_adjacent_component	full_mask_intensity_seed_partition	full_mask_intensity_seed_partition	1.15	80.0	39446	36024	35395	200083	43393	186879	83852
plane	img04	4.0	BMPR1A_KD	1(z3)	1(z3).tif	5.0	242875	39238	0.16155635615028308	378	33303	143	5414	521	33303	616	38622	0.009633518527957591	0.8487435649115653	0.0036444263214231104	0.13797849023905398	0.013277944849380703	0.8487435649115653	0.015699067230745704	0.9843009327692543	0.08227216452360153	0.13578851521015167	0.1564941108226776	0.04765405076404103	0.3675140381004487	0.422641143815516	0.08820446440447842	donor_adjacent_component	full_mask_intensity_seed_partition	full_mask_intensity_seed_partition	1.15	80.0	39633	36014	35339	199719	43156	185358	83495
plane	img04	4.0	BMPR1A_KD	1(z3)	1(z3).tif	6.0	243408	39330	0.1615805561033327	278	33542	182	5328	460	33542	510	38820	0.007068395626748029	0.852834986015764	0.004627510806000508	0.13546910755148742	0.011695906432748537	0.852834986015764	0.012967200610221205	0.9870327993897788	0.08179968595504761	0.1328195482492447	0.15634337067604065	0.04765405076404103	0.3675140381004487	0.422641143815516	0.08820446440447842	donor_adjacent_component	full_mask_intensity_seed_partition	full_mask_intensity_seed_partition	1.15	80.0	39866	36212	35580	200210	43198	185102	82654
plane	img04	4.0	BMPR1A_KD	1(z3)	1(z3).tif	7.0	244146	39342	0.16114128431348457	225	33827	188	5102	413	33827	456	38886	0.005719078847033704	0.8598190229271516	0.004778608103299273	0.12968329012251537	0.010497686950332978	0.8598190229271516	0.011590666463321641	0.9884093335366784	0.08172065019607544	0.13180795311927795	0.15720224380493164	0.04765405076404103	0.3675140381004487	0.422641143815516	0.08820446440447842	donor_adjacent_component	full_mask_intensity_seed_partition	full_mask_intensity_seed_partition	1.15	80.0	39948	36500	35994	201039	43107	186098	82684
plane	img04	4.0	BMPR1A_KD	1(z3)	1(z3).tif	8.0	245380	39257	0.15998451381530687	149	34251	156	4701	305	34251	371	38886	0.003795501439233767	0.8724813409073541	0.003973813587385689	0.11974934406602644	0.007769315026619456	0.8724813409073541	0.009450543852051864	0.9905494561479481	0.08167052268981934	0.1309383660554886	0.15774595737457275	0.04765405076404103	0.3675140381004487	0.422641143815516	0.08820446440447842	donor_adjacent_component	full_mask_intensity_seed_partition	full_mask_intensity_seed_partition	1.15	80.0	40033	36896	36564	202212	43168	186943	82837
plane	img04	4.0	BMPR1A_KD	1(z3)	1(z3).tif	9.0	247167	39250	0.1587995161166337	96	34846	115	4193	211	34846	309	38941	0.002445859872611465	0.8877961783439491	0.002929936305732484	0.106828025477707	0.005375796178343949	0.8877961783439491	0.007872611464968152	0.9921273885350318	0.0818987637758255	0.1310126930475235	0.1580890417098999	0.04765405076404103	0.3675140381004487	0.422641143815516	0.08820446440447842	donor_adjacent_component	full_mask_intensity_seed_partition	full_mask_intensity_seed_partition	1.15	80.0	39982	37641	37356	203928	43239	188146	83384
plane	img04	4.0	BMPR1A_KD	1(z3)	1(z3).tif	10.0	249295	39189	0.15719930203172947	59	35422	75	3633	134	35422	255	38934	0.0015055245094286662	0.9038760876776647	0.0019138023424940672	0.09270458547041262	0.0034193268519227336	0.9038760876776647	0.0065069279644798285	0.9934930720355202	0.08179151266813278	0.13113799691200256	0.15849819779396057	0.04765405076404103	0.3675140381004487	0.422641143815516	0.08820446440447842	donor_adjacent_component	full_mask_intensity_seed_partition	full_mask_intensity_seed_partition	1.15	80.0	39929	38260	38122	205949	43346	189475	83167
plane	img05	5.0	BMPR1A_KD	2(z3)	2(z3).tif	0.0	272747	54615	0.20024051593601397	2661	45348	6536	70	8649	45348	2673	51942	0.04872287833012909	0.8303213402911288	0.11967408221184657	0.0012816991668955415	0.1583630870639934	0.8303213402911288	0.04894259818731118	0.9510574018126888	0.11179158836603165	0.24144171178340912	0.2428879290819168	0.04765405076404103	0.3675140381004487	0.422641143815516	0.08820446440447842	donor_adjacent_component	full_mask_intensity_seed_partition	full_mask_intensity_seed_partition	1.15	80.0	56768	52589	52611	219954	52793	216958	97712
plane	img05	5.0	BMPR1A_KD	2(z3)	2(z3).tif	1.0	271949	54168	0.1991844058996356	2483	46343	5112	230	7232	46343	2491	51677	0.04583887165854379	0.8555420174272633	0.09437306158617634	0.004246049328016541	0.13351055974006792	0.8555420174272633	0.04598656033082263	0.9540134396691774	0.11233819276094437	0.2280215620994568	0.2442890852689743	0.04765405076404103	0.3675140381004487	0.422641143815516	0.08820446440447842	donor_adjacent_component	full_mask_intensity_seed_partition	full_mask_intensity_seed_partition	1.15	80.0	56540	52256	52249	219141	52808	214149	97280
plane	img05	5.0	BMPR1A_KD	2(z3)	2(z3).tif	2.0	270892	53503	0.19750675545974042	2377	46759	3973	394	6074	46759	2388	51115	0.0444274152851242	0.8739509934022391	0.07425751827000356	0.007364073042633123	0.11352634431714109	0.8739509934022391	0.04463301123301497	0.955366988766985	0.11322204023599625	0.21843236684799194	0.24653995037078857	0.04765405076404103	0.3675140381004487	0.422641143815516	0.08820446440447842	donor_adjacent_component	full_mask_intensity_seed_partition	full_mask_intensity_seed_partition	1.15	80.0	55896	51575	51530	218416	52476	211134	96696
plane	img05	5.0	BMPR1A_KD	2(z3)	2(z3).tif	3.0	270920	53192	0.19633840248043702	2288	46994	3299	611	5360	46994	2300	50892	0.043013987065724166	0.8834787186043014	0.06202060460219582	0.011486689727778613	0.10076703263648669	0.8834787186043014	0.04323958489998496	0.9567604151000151	0.11329684406518936	0.20964956283569336	0.24697118997573853	0.04765405076404103	0.3675140381004487	0.422641143815516	0.08820446440447842	donor_adjacent_component	full_mask_intensity_seed_partition	full_mask_intensity_seed_partition	1.15	80.0	55676	51123	51100	218420	52500	209525	96630
plane	img05	5.0	BMPR1A_KD	2(z3)	2(z3).tif	4.0	271419	52981	0.19520004126461302	2181	46977	3145	678	5092	46977	2197	50784	0.04116570091164757	0.8866763556746758	0.059360902965213944	0.012797040448462657	0.09610992619995848	0.8866763556746758	0.04146769596647855	0.9585323040335214	0.1133924275636673	0.20397570729255676	0.24792560935020447	0.04765405076404103	0.3675140381004487	0.422641143815516	0.08820446440447842	donor_adjacent_component	full_mask_intensity_seed_partition	full_mask_intensity_seed_partition	1.15	80.0	55494	50943	50911	218984	52435	208981	96471
plane	img05	5.0	BMPR1A_KD	2(z3)	2(z3).tif	5.0	271988	53035	0.19499022015677162	2224	46874	3285	652	5283	46874	2234	50801	0.0419345715093806	0.8838314320731593	0.06194022815122089	0.012293768266239275	0.0996134628075799	0.8838314320731593	0.0421231262373904	0.9578768737626095	0.1129210963845253	0.200980082154274	0.2466195523738861	0.04765405076404103	0.3675140381004487	0.422641143815516	0.08820446440447842	donor_adjacent_component	full_mask_intensity_seed_partition	full_mask_intensity_seed_partition	1.15	80.0	55655	51022	51014	219363	52625	208758	96595
plane	img05	5.0	BMPR1A_KD	2(z3)	2(z3).tif	6.0	272641	53137	0.1948973191853023	2394	46743	3544	456	5752	46743	2399	50738	0.04505335265445923	0.8796695334700868	0.06669552289365226	0.008581590981801758	0.10824848975290287	0.8796695334700868	0.045147449046803546	0.9548525509531964	0.112935371696949	0.202562615275383	0.24638384580612183	0.04765405076404103	0.3675140381004487	0.422641143815516	0.08820446440447842	donor_adjacent_component	full_mask_intensity_seed_partition	full_mask_intensity_seed_partition	1.15	80.0	55681	51373	51332	220114	52527	208697	96479
plane	img05	5.0	BMPR1A_KD	2(z3)	2(z3).tif	7.0	273792	53486	0.1953526764843385	2491	46778	3820	397	6154	46778	2492	50994	0.04657293497363796	0.8745840032905807	0.0714205586508619	0.007422503084919418	0.11505814605691209	0.8745840032905807	0.046591631454960175	0.9534083685450399	0.11209315061569214	0.20370906591415405	0.24453844130039215	0.04765405076404103	0.3675140381004487	0.422641143815516	0.08820446440447842	donor_adjacent_component	full_mask_intensity_seed_partition	full_mask_intensity_seed_partition	1.15	80.0	56089	51754	51764	221053	52739	209118	97290
plane	img05	5.0	BMPR1A_KD	2(z3)	2(z3).tif	8.0	275122	53881	0.19584402555956992	2634	46724	4212	311	6718	46724	2635	51246	0.04888550695050203	0.8671702455410998	0.07817226851765928	0.005771978990738851	0.12468216996714983	0.8671702455410998	0.04890406636847868	0.9510959336315213	0.11149837076663971	0.20648504793643951	0.24326379597187042	0.04765405076404103	0.3675140381004487	0.422641143815516	0.08820446440447842	donor_adjacent_component	full_mask_intensity_seed_partition	full_mask_intensity_seed_partition	1.15	80.0	56293	52098	52082	222308	52814	209921	97825
plane	img05	5.0	BMPR1A_KD	2(z3)	2(z3).tif	9.0	276976	54411	0.19644662353416903	2802	46745	4627	237	7321	46745	2804	51607	0.05149693995699399	0.8591093712668394	0.0850379518847292	0.004355736891437393	0.13454999908106816	0.8591093712668394	0.05153369723033945	0.9484663027696606	0.11043433845043182	0.20905910432338715	0.24070915579795837	0.04765405076404103	0.3675140381004487	0.422641143815516	0.08820446440447842	donor_adjacent_component	full_mask_intensity_seed_partition	full_mask_intensity_seed_partition	1.15	80.0	56786	52622	52587	223802	53174	211543	98370
plane	img06	6.0	BMPR1A_KD	3(z5)	3(z5).tif	0.0	282816	52674	0.18624830278343515	976	48636	2828	234	3769	48636	980	51694	0.018529065573148044	0.9233397881307666	0.05368872688612978	0.004442419409955576	0.0715533280176178	0.9233397881307666	0.018605004366480618	0.9813949956335194	0.09080998599529266	0.1740092635154724	0.19931887090206146	0.04765405076404103	0.3675140381004487	0.422641143815516	0.08820446440447842	donor_adjacent_component	full_mask_intensity_seed_partition	full_mask_intensity_seed_partition	1.15	80.0	55603	55667	55837	225881	56935	224002	102493
plane	img06	6.0	BMPR1A_KD	3(z5)	3(z5).tif	1.0	281114	52240	0.1858320823580469	964	48581	2368	327	3306	48581	1003	51237	0.018453292496171517	0.929957886676876	0.04532924961715161	0.006259571209800919	0.06328483920367535	0.929957886676876	0.019199846860643185	0.9808001531393569	0.09108704328536987	0.16688796877861023	0.19948601722717285	0.04765405076404103	0.3675140381004487	0.422641143815516	0.08820446440447842	donor_adjacent_component	full_mask_intensity_seed_partition	full_mask_intensity_seed_partition	1.15	80.0	55146	55212	55581	224094	57020	220846	102534
plane	img06	6.0	BMPR1A_KD	3(z5)	3(z5).tif	2.0	280108	52030	0.18574978222685534	1071	48490	1981	488	3048	48490	1153	50877	0.020584278300980204	0.9319623294253315	0.03807418796847972	0.009379204305208534	0.05858158754564674	0.9319623294253315	0.02216029213915049	0.9778397078608495	0.09134232252836227	0.1617531031370163	0.20005083084106445	0.04765405076404103	0.3675140381004487	0.422641143815516	0.08820446440447842	donor_adjacent_component	full_mask_intensity_seed_partition	full_mask_intensity_seed_partition	1.15	80.0	55096	54817	54980	223173	56935	218363	102596
plane	img06	6.0	BMPR1A_KD	3(z5)	3(z5).tif	3.0	279534	51814	0.18535848948607325	991	48517	1659	647	2650	48517	1091	50723	0.01912610491372988	0.9363685490407998	0.03201837341259119	0.012486972632879144	0.051144478326321074	0.9363685490407998	0.021056085227930676	0.9789439147720693	0.0913793295621872	0.15589702129364014	0.2003444880247116	0.04765405076404103	0.3675140381004487	0.422641143815516	0.08820446440447842	donor_adjacent_component	full_mask_intensity_seed_partition	full_mask_intensity_seed_partition	1.15	80.0	55037	54666	54791	222343	57191	215786	102868
plane	img06	6.0	BMPR1A_KD	3(z5)	3(z5).tif	4.0	279377	51526	0.1844317893026269	822	48477	1408	819	2230	48477	977	50549	0.015953111050731668	0.9408259907619454	0.0273260101696231	0.015894888017699803	0.04327912122035477	0.9408259907619454	0.018961301090711487	0.9810386989092885	0.09136021137237549	0.15065614879131317	0.20126137137413025	0.04765405076404103	0.3675140381004487	0.422641143815516	0.08820446440447842	donor_adjacent_component	full_mask_intensity_seed_partition	full_mask_intensity_seed_partition	1.15	80.0	54676	54415	54466	221951	57426	213864	102515
plane	img06	6.0	BMPR1A_KD	3(z5)	3(z5).tif	5.0	279806	51502	0.1840632438189317	639	49080	928	855	1567	49080	804	50698	0.012407285153974603	0.9529727000893169	0.018018717719700206	0.016601297037008272	0.03042600287367481	0.9529727000893169	0.015611044231291988	0.984388955768708	0.09122699499130249	0.14633341133594513	0.20192062854766846	0.04765405076404103	0.3675140381004487	0.422641143815516	0.08820446440447842	donor_adjacent_component	full_mask_intensity_seed_partition	full_mask_intensity_seed_partition	1.15	80.0	54378	54361	54346	222101	57705	212922	103155
plane	img06	6.0	BMPR1A_KD	3(z5)	3(z5).tif	6.0	281169	51428	0.18290778855421472	502	49743	335	848	837	49743	677	50751	0.009761219569106323	0.9672357470638563	0.006513961266236291	0.01648907210080112	0.016275180835342615	0.9672357470638563	0.013164035155946177	0.9868359648440538	0.09126275777816772	0.14284774661064148	0.20293693244457245	0.04765405076404103	0.3675140381004487	0.422641143815516	0.08820446440447842	donor_adjacent_component	full_mask_intensity_seed_partition	full_mask_intensity_seed_partition	1.15	80.0	54038	54459	54523	223208	57961	213446	103802
plane	img06	6.0	BMPR1A_KD	3(z5)	3(z5).tif	7.0	283377	51795	0.18277771308186622	421	50128	113	1133	534	50128	649	51146	0.008128197702480935	0.96781542619944	0.002181677768124336	0.021874698329954628	0.010309875470605271	0.96781542619944	0.012530167004537117	0.9874698329954629	0.09090682864189148	0.14001822471618652	0.20279452204704285	0.04765405076404103	0.3675140381004487	0.422641143815516	0.08820446440447842	donor_adjacent_component	full_mask_intensity_seed_partition	full_mask_intensity_seed_partition	1.15	80.0	53933	54606	54602	225098	58279	215286	104330
plane	img06	6.0	BMPR1A_KD	3(z5)	3(z5).tif	8.0	285818	52018	0.18199693511255413	303	50589	59	1067	362	50589	494	51524	0.005824906763043562	0.9725287400515207	0.0011342227690414857	0.020512130416394325	0.0069591295320850476	0.9725287400515207	0.009496712676381252	0.9905032873236187	0.0903373658657074	0.13766460120677948	0.20279695093631744	0.04765405076404103	0.3675140381004487	0.422641143815516	0.08820446440447842	donor_adjacent_component	full_mask_intensity_seed_partition	full_mask_intensity_seed_partition	1.15	80.0	54074	55020	54870	227429	58389	218100	104431
plane	img07	7.0	LDN	2(z6)(from 260227 50N)	2(z6)(from 260227 50N).tif	0.0	262071	53521	0.2042232830034609	1088	35143	16886	404	11867	35143	1105	52416	0.020328469199005997	0.6566207656807608	0.3155023261897199	0.007548438930513256	0.22172605145643767	0.6566207656807608	0.020646101530240466	0.9793538984697595	0.13334175944328308	0.20558927953243256	0.19230148196220398	0.05669666046932158	0.20890390871074865	0.24023949501736094	0.05697367006834247	donor_adjacent_component	full_mask_intensity_seed_partition	full_mask_intensity_seed_partition	1.15	80.0	53559	53015	52887	208718	53353	204717	90425
plane	img07	7.0	LDN	2(z6)(from 260227 50N)	2(z6)(from 260227 50N).tif	1.0	259894	53008	0.20396007603099725	1073	35533	15787	615	11313	35535	1089	51919	0.020242227588288562	0.6703327799577422	0.2978229701177181	0.011602022336251131	0.2134206157561123	0.6703705101116813	0.020544068819800785	0.9794559311801992	0.13384120166301727	0.20023493468761444	0.19269445538520813	0.05669666046932158	0.20890390871074865	0.24023949501736094	0.05697367006834247	donor_adjacent_component	full_mask_intensity_seed_partition	full_mask_intensity_seed_partition	1.15	80.0	53050	52377	52266	206752	53142	201470	89983
plane	img07	7.0	LDN	2(z6)(from 260227 50N)	2(z6)(from 260227 50N).tif	2.0	258255	52560	0.20351977696462797	904	35956	14971	729	10730	35957	932	51628	0.01719939117199391	0.6840943683409437	0.28483637747336377	0.01386986301369863	0.2041476407914764	0.6841133942161339	0.017732115677321157	0.9822678843226789	0.13417638838291168	0.19550617039203644	0.19345387816429138	0.05669666046932158	0.20890390871074865	0.24023949501736094	0.05697367006834247	donor_adjacent_component	full_mask_intensity_seed_partition	full_mask_intensity_seed_partition	1.15	80.0	52601	52005	51906	205016	53239	198647	90306
plane	img07	7.0	LDN	2(z6)(from 260227 50N)	2(z6)(from 260227 50N).tif	3.0	256722	52128	0.20305232897842804	807	36283	14300	738	10415	36288	850	51278	0.015481123388581952	0.6960366789441375	0.2743247391037446	0.014157458563535912	0.19979665438919583	0.6961325966850829	0.016306015960712093	0.9836939840392879	0.13516172766685486	0.1922585368156433	0.19514045119285583	0.05669666046932158	0.20890390871074865	0.24023949501736094	0.05697367006834247	donor_adjacent_component	full_mask_intensity_seed_partition	full_mask_intensity_seed_partition	1.15	80.0	52176	51745	51661	203357	53365	196285	89779
plane	img07	7.0	LDN	2(z6)(from 260227 50N)	2(z6)(from 260227 50N).tif	4.0	255901	51853	0.20262914173840665	656	36422	14051	724	9889	36424	721	51132	0.012651148438855996	0.7024087323780688	0.2709775712109232	0.013962547972152045	0.19071220565830327	0.7024473029525775	0.013904692110388984	0.986095307889611	0.13629792630672455	0.19048908352851868	0.19657370448112488	0.05669666046932158	0.20890390871074865	0.24023949501736094	0.05697367006834247	donor_adjacent_component	full_mask_intensity_seed_partition	full_mask_intensity_seed_partition	1.15	80.0	51902	51640	51554	202426	53475	194431	89736
plane	img07	7.0	LDN	2(z6)(from 260227 50N)	2(z6)(from 260227 50N).tif	5.0	255592	52000	0.2034492472377852	611	36721	13929	739	9549	36722	680	51320	0.01175	0.706173076923077	0.2678653846153846	0.014211538461538461	0.1836346153846154	0.7061923076923077	0.013076923076923076	0.9869230769230769	0.13632071018218994	0.18847426772117615	0.19666817784309387	0.05669666046932158	0.20890390871074865	0.24023949501736094	0.05697367006834247	donor_adjacent_component	full_mask_intensity_seed_partition	full_mask_intensity_seed_partition	1.15	80.0	52042	51912	51812	202080	53512	193731	89462
plane	img07	7.0	LDN	2(z6)(from 260227 50N)	2(z6)(from 260227 50N).tif	6.0	255763	52483	0.20520169062765137	585	37458	13803	637	9213	37461	643	51840	0.011146466474858526	0.7137168225901721	0.2629994474401235	0.01213726349484595	0.17554255663738735	0.7137739839567098	0.012251586227921421	0.9877484137720786	0.13559716939926147	0.18631500005722046	0.19638854265213013	0.05669666046932158	0.20890390871074865	0.24023949501736094	0.05697367006834247	donor_adjacent_component	full_mask_intensity_seed_partition	full_mask_intensity_seed_partition	1.15	80.0	52518	52571	52414	202220	53543	193970	89291
plane	img07	7.0	LDN	2(z6)(from 260227 50N)	2(z6)(from 260227 50N).tif	7.0	256826	53130	0.20687157842274537	545	38151	13928	506	9175	38151	582	52548	0.01025785808394504	0.718068887634105	0.2621494447581404	0.009523809523809525	0.17268962921136835	0.718068887634105	0.010954263128176172	0.9890457368718238	0.1350426971912384	0.18486446142196655	0.19608768820762634	0.05669666046932158	0.20890390871074865	0.24023949501736094	0.05697367006834247	donor_adjacent_component	full_mask_intensity_seed_partition	full_mask_intensity_seed_partition	1.15	80.0	53151	53254	53188	202832	53994	194797	89585
plane	img07	7.0	LDN	2(z6)(from 260227 50N)	2(z6)(from 260227 50N).tif	8.0	258800	53934	0.2084003091190108	513	38867	14159	395	9337	38867	574	53360	0.009511625319835354	0.7206400415322431	0.2625245670634479	0.007323766084473616	0.17311899729298771	0.7206400415322431	0.01064263729743761	0.9893573627025624	0.13441798090934753	0.18430112302303314	0.1955510675907135	0.05669666046932158	0.20890390871074865	0.24023949501736094	0.05697367006834247	donor_adjacent_component	full_mask_intensity_seed_partition	full_mask_intensity_seed_partition	1.15	80.0	53953	54115	54119	204158	54642	196485	90638
plane	img07	7.0	LDN	2(z6)(from 260227 50N)	2(z6)(from 260227 50N).tif	9.0	261204	54630	0.20914687370790647	585	39490	14195	360	9586	39490	643	53987	0.01070840197693575	0.7228628958447739	0.25983891634632983	0.006589785831960461	0.17547135273659162	0.7228628958447739	0.011770089694307158	0.9882299103056928	0.13384152948856354	0.18436627089977264	0.19569790363311768	0.05669666046932158	0.20890390871074865	0.24023949501736094	0.05697367006834247	donor_adjacent_component	full_mask_intensity_seed_partition	full_mask_intensity_seed_partition	1.15	80.0	54655	54946	54861	205926	55278	198931	91025
plane	img08	8.0	LDN	3(z2)(from 260223 200N)	3(z2)(from 260223 200N).tif	0.0	197926	69486	0.35107060214423574	1088	33956	170	34272	1258	33956	902	68584	0.015657830354315977	0.48867397749186886	0.0024465359928618714	0.49322165616095326	0.01810436634717785	0.48867397749186886	0.012981032150361223	0.9870189678496388	0.10023722797632217	0.09852080792188644	0.063388392329216	0.05669666046932158	0.20890390871074865	0.24023949501736094	0.05697367006834247	donor_adjacent_component	full_mask_intensity_seed_partition	full_mask_intensity_seed_partition	1.15	80.0	69503	56633	52412	104165	93761	87835	120619
plane	img08	8.0	LDN	3(z2)(from 260223 200N)	3(z2)(from 260223 200N).tif	1.0	197505	68974	0.34922660185818083	1124	36168	168	31514	1291	36168	589	68385	0.016295995592542117	0.5243715023052165	0.0024357004088497113	0.4568968016933917	0.018717197784672485	0.5243715023052165	0.008539449647693334	0.9914605503523066	0.10067185759544373	0.09805252403020859	0.0633610188961029	0.05669666046932158	0.20890390871074865	0.24023949501736094	0.05697367006834247	donor_adjacent_component	full_mask_intensity_seed_partition	full_mask_intensity_seed_partition	1.15	80.0	68996	56799	55739	103015	94490	86199	121651
plane	img08	8.0	LDN	3(z2)(from 260223 200N)	3(z2)(from 260223 200N).tif	2.0	197113	68823	0.3491550531928386	1086	36734	128	30875	1214	36734	586	68237	0.015779608561091497	0.5337459860802348	0.0018598433663164931	0.4486145619923572	0.017639451927407988	0.5337459860802348	0.008514595411417695	0.9914854045885823	0.10074570775032043	0.0977543443441391	0.06334564089775085	0.05669666046932158	0.20890390871074865	0.24023949501736094	0.05697367006834247	donor_adjacent_component	full_mask_intensity_seed_partition	full_mask_intensity_seed_partition	1.15	80.0	68863	56956	55850	102659	94454	84439	120455
plane	img08	8.0	LDN	3(z2)(from 260223 200N)	3(z2)(from 260223 200N).tif	3.0	196894	68673	0.3487815779048625	715	34617	1	33340	716	34617	747	67926	0.010411661060387635	0.5040845747236905	1.4561763720821866e-05	0.485489202452201	0.010426222824108456	0.5040845747236905	0.010877637499453934	0.9891223625005461	0.1006573960185051	0.09709177166223526	0.06313632428646088	0.05669666046932158	0.20890390871074865	0.24023949501736094	0.05697367006834247	donor_adjacent_component	full_mask_intensity_seed_partition	full_mask_intensity_seed_partition	1.15	80.0	68723	57221	53850	102582	94312	83309	119869
plane	img08	8.0	LDN	3(z2)(from 260223 200N)	3(z2)(from 260223 200N).tif	4.0	197446	69061	0.3497715831163964	232	38194	0	30635	232	38194	827	68234	0.0033593489813353414	0.5530473060048363	0.0	0.44359334501382836	0.0033593489813353414	0.5530473060048363	0.011974920722260031	0.98802507927774	0.10031531751155853	0.09651405364274979	0.06310872733592987	0.05669666046932158	0.20890390871074865	0.24023949501736094	0.05697367006834247	donor_adjacent_component	full_mask_intensity_seed_partition	full_mask_intensity_seed_partition	1.15	80.0	69119	58099	57162	103140	94306	83492	119307
plane	img08	8.0	LDN	3(z2)(from 260223 200N)	3(z2)(from 260223 200N).tif	5.0	198094	69600	0.35134834977333995	35	38039	0	31526	35	38039	954	68646	0.0005028735632183908	0.5465373563218391	0.0	0.45295977011494254	0.0005028735632183908	0.5465373563218391	0.013706896551724138	0.9862931034482758	0.09998103231191635	0.0957070142030716	0.06286440789699554	0.05669666046932158	0.20890390871074865	0.24023949501736094	0.05697367006834247	donor_adjacent_component	full_mask_intensity_seed_partition	full_mask_intensity_seed_partition	1.15	80.0	69687	58542	56632	103806	94288	80431	118876
plane	img08	8.0	LDN	3(z2)(from 260223 200N)	3(z2)(from 260223 200N).tif	6.0	199416	70204	0.35204798010189753	4	39872	0	30328	4	39872	1099	69105	5.697681043815167e-05	0.5679448464474959	0.0	0.431998176742066	5.697681043815167e-05	0.5679448464474959	0.015654378667882173	0.9843456213321178	0.09955351799726486	0.09507407993078232	0.06275231391191483	0.05669666046932158	0.20890390871074865	0.24023949501736094	0.05697367006834247	donor_adjacent_component	full_mask_intensity_seed_partition	full_mask_intensity_seed_partition	1.15	80.0	70348	59446	58428	104957	94459	81877	118084
plane	img08	8.0	LDN	3(z2)(from 260223 200N)	3(z2)(from 260223 200N).tif	7.0	200987	71026	0.3533860398931274	1	42100	0	28925	1	42100	1347	69679	1.4079351223495622e-05	0.5927406865091657	0.0	0.40724523413961083	1.4079351223495622e-05	0.5927406865091657	0.0189648860980486	0.9810351139019514	0.09907136112451553	0.09480312466621399	0.06250983476638794	0.05669666046932158	0.20890390871074865	0.24023949501736094	0.05697367006834247	donor_adjacent_component	full_mask_intensity_seed_partition	full_mask_intensity_seed_partition	1.15	80.0	71171	60516	60450	106346	94641	78958	117739
plane	img08	8.0	LDN	3(z2)(from 260223 200N)	3(z2)(from 260223 200N).tif	8.0	203151	71935	0.35409621414612774	2	42395	0	29538	2	42395	1747	70188	2.7802877597831377e-05	0.5893514978800306	0.0	0.4106206992423716	2.7802877597831377e-05	0.5893514978800306	0.024285813581705708	0.9757141864182943	0.09871663898229599	0.09454280883073807	0.06244520843029022	0.05669666046932158	0.20890390871074865	0.24023949501736094	0.05697367006834247	donor_adjacent_component	full_mask_intensity_seed_partition	full_mask_intensity_seed_partition	1.15	80.0	72097	61516	60204	108254	94897	78579	115951
plane	img09	9.0	LDN	4(z6)(from 260223 200N)	4(z6)(from 260223 200N).tif	0.0	176942	57309	0.32388579308473964	291	45649	1378	9991	1650	45649	810	56499	0.005077736481180966	0.7965415554275943	0.024045088904011587	0.1743356191872132	0.02879128932628383	0.7965415554275943	0.014133905669266608	0.9858660943307334	0.12442051619291306	0.1152186468243599	0.08222691714763641	0.05669666046932158	0.20890390871074865	0.24023949501736094	0.05697367006834247	donor_adjacent_component	full_mask_intensity_seed_partition	full_mask_intensity_seed_partition	1.15	80.0	57320	48982	50452	115559	61383	105352	106119
plane	img09	9.0	LDN	4(z6)(from 260223 200N)	4(z6)(from 260223 200N).tif	1.0	174719	56950	0.3259519571426118	337	43183	1652	11778	1949	43183	772	56178	0.00591747146619842	0.7582616330114135	0.02900790166812994	0.2068129938542581	0.034223002633889374	0.7582616330114135	0.013555750658472344	0.9864442493415276	0.12418040633201599	0.11406143009662628	0.08221768587827682	0.05669666046932158	0.20890390871074865	0.24023949501736094	0.05697367006834247	donor_adjacent_component	full_mask_intensity_seed_partition	full_mask_intensity_seed_partition	1.15	80.0	56952	47850	48376	113061	61658	102127	105601
plane	img09	9.0	LDN	4(z6)(from 260223 200N)	4(z6)(from 260223 200N).tif	2.0	173407	56988	0.32863725224471907	283	45341	1776	9588	2036	45341	669	56319	0.004965957745490279	0.795623640064575	0.03116445567487892	0.1682459465150558	0.035726819681336425	0.795623640064575	0.011739313539692566	0.9882606864603074	0.12375389784574509	0.11259046196937561	0.0826549082994461	0.05669666046932158	0.20890390871074865	0.24023949501736094	0.05697367006834247	donor_adjacent_component	full_mask_intensity_seed_partition	full_mask_intensity_seed_partition	1.15	80.0	56990	47593	50601	111330	62077	99319	106705
plane	img09	9.0	LDN	4(z6)(from 260223 200N)	4(z6)(from 260223 200N).tif	3.0	172450	56579	0.3280893012467382	1145	43349	979	11106	2095	43349	518	56061	0.020237190477032114	0.7661676593789215	0.01730323971791654	0.19629191042612984	0.0370278725322116	0.7661676593789215	0.009155340320613655	0.9908446596793864	0.12371118366718292	0.11183388531208038	0.08286815136671066	0.05669666046932158	0.20890390871074865	0.24023949501736094	0.05697367006834247	donor_adjacent_component	full_mask_intensity_seed_partition	full_mask_intensity_seed_partition	1.15	80.0	56580	47758	48159	110072	62378	96801	109350
plane	img09	9.0	LDN	4(z6)(from 260223 200N)	4(z6)(from 260223 200N).tif	4.0	171783	56239	0.3273839669815989	231	43042	1907	11059	2128	43042	508	55731	0.004107469905225911	0.7653407777520937	0.033908853286864986	0.19664289905581536	0.037838510642081116	0.7653407777520937	0.009032877540496809	0.9909671224595032	0.12368540465831757	0.1110745370388031	0.08301252126693726	0.05669666046932158	0.20890390871074865	0.24023949501736094	0.05697367006834247	donor_adjacent_component	full_mask_intensity_seed_partition	full_mask_intensity_seed_partition	1.15	80.0	56244	48087	48687	109245	62538	94587	108485
plane	img09	9.0	LDN	4(z6)(from 260223 200N)	4(z6)(from 260223 200N).tif	5.0	171648	55472	0.3231730052199851	258	43608	1913	9693	2161	43608	457	55015	0.004650995096625325	0.7861263340063456	0.034485866743582345	0.17473680415344678	0.038956590712431495	0.7861263340063456	0.008238390539371214	0.9917616094606287	0.12439466267824173	0.11119373142719269	0.08326645940542221	0.05669666046932158	0.20890390871074865	0.24023949501736094	0.05697367006834247	donor_adjacent_component	full_mask_intensity_seed_partition	full_mask_intensity_seed_partition	1.15	80.0	55522	48990	49608	109142	62506	91964	107918
plane	img09	9.0	LDN	4(z6)(from 260223 200N)	4(z6)(from 260223 200N).tif	6.0	172302	55179	0.320245847407459	243	44269	1930	8737	2166	44269	386	54793	0.004403849290490948	0.8022798528425669	0.03497707461171823	0.1583392232552239	0.03925406404610449	0.8022798528425669	0.006995414922343645	0.9930045850776563	0.12473659962415695	0.11061122268438339	0.08278311043977737	0.05669666046932158	0.20890390871074865	0.24023949501736094	0.05697367006834247	donor_adjacent_component	full_mask_intensity_seed_partition	full_mask_intensity_seed_partition	1.15	80.0	55248	49730	50220	109686	62616	91864	104204
plane	img09	9.0	LDN	4(z6)(from 260223 200N)	4(z6)(from 260223 200N).tif	7.0	173551	55333	0.31882847116985785	196	45426	1583	8128	1776	45426	304	55029	0.0035421900131928506	0.8209567527515226	0.028608606075940218	0.14689245115934432	0.03209657889505359	0.8209567527515226	0.005494009000054217	0.9945059909999457	0.12451686710119247	0.10966876149177551	0.08239748328924179	0.05669666046932158	0.20890390871074865	0.24023949501736094	0.05697367006834247	donor_adjacent_component	full_mask_intensity_seed_partition	full_mask_intensity_seed_partition	1.15	80.0	55387	50120	51117	110878	62673	90446	106720
plane	img09	9.0	LDN	4(z6)(from 260223 200N)	4(z6)(from 260223 200N).tif	8.0	175625	55408	0.31549039145907476	105	46524	1125	7654	1229	46524	307	55101	0.0018950332082009818	0.8396621426508808	0.020303927230724807	0.1381388969101935	0.02218091250360959	0.8396621426508808	0.005540716142073347	0.9944592838579267	0.12436539679765701	0.10872112959623337	0.08172594755887985	0.05669666046932158	0.20890390871074865	0.24023949501736094	0.05697367006834247	donor_adjacent_component	full_mask_intensity_seed_partition	full_mask_intensity_seed_partition	1.15	80.0	55461	50891	51951	112724	62901	91012	106345
plane	img01	1.0	ctrl	1(z4)(trunk with CFP)(from 260227)	1(z4)(trunk with CFP)(from 260227).czi	0.0	256240	65097	0.2540469871995005	14459	45468	4318	852	18109	45468	14695	50402	0.22211469038511758	0.6984653670676068	0.06633178180254082	0.01308816074473478	0.2781848625896739	0.6984653670676068	0.22574004946464507	0.7742599505353549	0.06317926943302155	0.13470253348350525	0.11524564027786255	0.033370688586413774	0.16174148805850738	0.1860027112672835	0.0604989708352125	donor_adjacent_component	full_mask_intensity_seed_partition	full_mask_intensity_seed_partition	1.15	80.0	65362	51255	51180	203542	52698	195044	96266
plane	img01	1.0	ctrl	1(z4)(trunk with CFP)(from 260227)	1(z4)(trunk with CFP)(from 260227).czi	1.0	255074	64629	0.25337353081850755	14102	45381	4136	1010	17494	45381	14417	50212	0.2181992603939408	0.7021770412663046	0.06399603892989215	0.015627659409862445	0.27068343932290456	0.7021770412663046	0.22307323337820484	0.7769267666217952	0.06363901495933533	0.1321905255317688	0.11598603427410126	0.033370688586413774	0.16174148805850738	0.1860027112672835	0.0604989708352125	donor_adjacent_component	full_mask_intensity_seed_partition	full_mask_intensity_seed_partition	1.15	80.0	64944	51052	51024	202003	53071	191975	96700
plane	img01	1.0	ctrl	1(z4)(trunk with CFP)(from 260227)	1(z4)(trunk with CFP)(from 260227).czi	2.0	254597	64431	0.25307053893015236	14047	45256	4036	1092	17355	45256	14356	50075	0.21801617233940185	0.7023948099517313	0.06264065434340613	0.016948363365460725	0.2693579177725008	0.7023948099517313	0.22281200043457342	0.7771879995654266	0.0641637071967125	0.1306111067533493	0.11674477905035019	0.033370688586413774	0.16174148805850738	0.1860027112672835	0.0604989708352125	donor_adjacent_component	full_mask_intensity_seed_partition	full_mask_intensity_seed_partition	1.15	80.0	64730	50865	50852	201202	53395	190416	97429
plane	img01	1.0	ctrl	1(z4)(trunk with CFP)(from 260227)	1(z4)(trunk with CFP)(from 260227).czi	3.0	254596	64517	0.2534093230058603	13825	45505	4155	1032	17364	45505	14130	50387	0.21428460715780337	0.7053179782072942	0.0644016305779872	0.015995784056915232	0.2691383666320505	0.7053179782072942	0.21901204333741495	0.780987956662585	0.064524807035923	0.12851597368717194	0.117439866065979	0.033370688586413774	0.16174148805850738	0.1860027112672835	0.0604989708352125	donor_adjacent_component	full_mask_intensity_seed_partition	full_mask_intensity_seed_partition	1.15	80.0	64821	51188	51152	200957	53639	189426	97922
plane	img01	1.0	ctrl	1(z4)(trunk with CFP)(from 260227)	1(z4)(trunk with CFP)(from 260227).czi	4.0	254759	64815	0.25441691952001694	13893	45745	4230	947	17604	45745	14120	50695	0.2143485304327702	0.7057779834914757	0.06526267067808378	0.014610815397670292	0.2716037954177274	0.7057779834914757	0.21785080614055388	0.7821491938594461	0.06460464000701904	0.1272953599691391	0.11766914278268814	0.033370688586413774	0.16174148805850738	0.1860027112672835	0.0604989708352125	donor_adjacent_component	full_mask_intensity_seed_partition	full_mask_intensity_seed_partition	1.15	80.0	65102	51532	51458	200903	53856	188627	97476
plane	img01	1.0	ctrl	1(z4)(trunk with CFP)(from 260227)	1(z4)(trunk with CFP)(from 260227).czi	5.0	255607	65175	0.25498127985540303	14059	46038	4290	788	17803	46038	14241	50934	0.21571154583812813	0.7063751438434983	0.06582278481012659	0.012090525508247027	0.27315688530878407	0.7063751438434983	0.21850402761795168	0.7814959723820484	0.0644729733467102	0.12627354264259338	0.11763618141412735	0.033370688586413774	0.16174148805850738	0.1860027112672835	0.0604989708352125	donor_adjacent_component	full_mask_intensity_seed_partition	full_mask_intensity_seed_partition	1.15	80.0	65512	51934	51888	201682	53925	188194	97452
plane	img01	1.0	ctrl	1(z4)(trunk with CFP)(from 260227)	1(z4)(trunk with CFP)(from 260227).czi	6.0	256998	65802	0.256040903042047	14132	46566	4353	751	17889	46566	14418	51384	0.21476550864715357	0.7076684599252302	0.0661530044679493	0.011413026959666879	0.27186103765842984	0.7076684599252302	0.21911188109783897	0.780888118902161	0.06413230299949646	0.12491118907928467	0.1173277348279953	0.033370688586413774	0.16174148805850738	0.1860027112672835	0.0604989708352125	donor_adjacent_component	full_mask_intensity_seed_partition	full_mask_intensity_seed_partition	1.15	80.0	66083	52559	52501	202937	54061	188083	97673
plane	img01	1.0	ctrl	1(z4)(trunk with CFP)(from 260227)	1(z4)(trunk with CFP)(from 260227).czi	7.0	259163	66764	0.25761393408781347	14375	47257	4339	793	18225	47257	14734	52030	0.21531064645617398	0.707821580492481	0.06499011443292793	0.01187765861841711	0.27297645437661017	0.707821580492481	0.22068779581810558	0.7793122041818944	0.06379015743732452	0.12388616055250168	0.11684414744377136	0.033370688586413774	0.16174148805850738	0.1860027112672835	0.0604989708352125	donor_adjacent_component	full_mask_intensity_seed_partition	full_mask_intensity_seed_partition	1.15	80.0	67044	53197	53164	204845	54318	188667	97902
plane	img01	1.0	ctrl	1(z4)(trunk with CFP)(from 260227)	1(z4)(trunk with CFP)(from 260227).czi	8.0	261930	67845	0.2590195853854083	14615	47872	4430	928	18669	47872	15115	52730	0.21541749576239957	0.7056083720244676	0.06529589505490456	0.013678237158228315	0.2751713464514703	0.7056083720244676	0.22278723561058295	0.777212764389417	0.06331609934568405	0.12305530905723572	0.11612827330827713	0.033370688586413774	0.16174148805850738	0.1860027112672835	0.0604989708352125	donor_adjacent_component	full_mask_intensity_seed_partition	full_mask_intensity_seed_partition	1.15	80.0	68095	53865	53805	207213	54717	189982	98436
plane	img02	2.0	ctrl	2(z1)(trunk with CFP)(from 260227)	2(z1)(trunk with CFP)(from 260227).czi	0.0	288735	73760	0.2554591580515005	12537	50248	7704	3271	19403	50248	13088	60672	0.16997017353579175	0.681236442516269	0.1044468546637744	0.04434652928416486	0.2630558568329718	0.681236442516269	0.17744034707158352	0.8225596529284165	0.08485560119152069	0.12098202109336853	0.11292611062526703	0.033370688586413774	0.16174148805850738	0.1860027112672835	0.0604989708352125	donor_adjacent_component	full_mask_intensity_seed_partition	full_mask_intensity_seed_partition	1.15	80.0	76593	58288	58035	226854	61881	214535	114265
plane	img02	2.0	ctrl	2(z1)(trunk with CFP)(from 260227)	2(z1)(trunk with CFP)(from 260227).czi	1.0	288415	73251	0.2539777750810464	11871	50858	7077	3445	18435	50858	12691	60560	0.16205922103452514	0.694297688768754	0.09661301552197239	0.04703007467474847	0.2516689191956424	0.694297688768754	0.17325360745928384	0.8267463925407161	0.08526580035686493	0.11520352214574814	0.11325878649950027	0.033370688586413774	0.16174148805850738	0.1860027112672835	0.0604989708352125	donor_adjacent_component	full_mask_intensity_seed_partition	full_mask_intensity_seed_partition	1.15	80.0	75707	58100	57996	226031	62384	208790	113180
plane	img02	2.0	ctrl	2(z1)(trunk with CFP)(from 260227)	2(z1)(trunk with CFP)(from 260227).czi	2.0	289646	74529	0.2573106481705254	12323	52439	5735	4032	17841	52439	13435	61094	0.1653450334769016	0.7036053080009124	0.07694991211474728	0.05409974640743871	0.2393833272954152	0.7036053080009124	0.18026540004561983	0.8197345999543801	0.0835963636636734	0.11011344194412231	0.11160513758659363	0.033370688586413774	0.16174148805850738	0.1860027112672835	0.0604989708352125	donor_adjacent_component	full_mask_intensity_seed_partition	full_mask_intensity_seed_partition	1.15	80.0	76250	58465	58305	227127	62519	205534	112387
plane	img03	3.0	ctrl	6(trunk with CFP)(from 0227)	6(trunk with CFP)(from 0227).czi	0.0	245828	48181	0.195994760564297	10520	33370	2369	1922	12854	33370	10868	37313	0.21834333035844006	0.6925966667358502	0.049168759469500424	0.03989124343620929	0.26678566239804075	0.6925966667358502	0.22556609451858617	0.7744339054814139	0.0654018446803093	0.11418300867080688	0.103483185172081	0.033370688586413774	0.16174148805850738	0.1860027112672835	0.0604989708352125	donor_adjacent_component	full_mask_intensity_seed_partition	full_mask_intensity_seed_partition	1.15	80.0	48201	36863	36746	205574	40254	194870	75318
plane	img03	3.0	ctrl	6(trunk with CFP)(from 0227)	6(trunk with CFP)(from 0227).czi	1.0	245166	48253	0.19681766639746132	10104	33477	2205	2467	12273	33477	10712	37541	0.20939630696537004	0.6937806975732079	0.04569664062338093	0.051126354838041156	0.25434687998673655	0.6937806975732079	0.2219965597993907	0.7780034402006093	0.06540308147668839	0.10880687087774277	0.1034533753991127	0.033370688586413774	0.16174148805850738	0.1860027112672835	0.0604989708352125	donor_adjacent_component	full_mask_intensity_seed_partition	full_mask_intensity_seed_partition	1.15	80.0	48280	36659	36567	204361	40805	188614	75544
plane	img03	3.0	ctrl	6(trunk with CFP)(from 0227)	6(trunk with CFP)(from 0227).czi	2.0	246719	48982	0.19853355436751932	9640	34171	2170	3001	11767	34171	10566	38416	0.1968069903229758	0.6976236168388388	0.04430198848556613	0.06126740435261933	0.24023110530398922	0.6976236168388388	0.21571189416520353	0.7842881058347965	0.06446075439453125	0.10475625842809677	0.10222283750772476	0.033370688586413774	0.16174148805850738	0.1860027112672835	0.0604989708352125	donor_adjacent_component	full_mask_intensity_seed_partition	full_mask_intensity_seed_partition	1.15	80.0	49002	37304	37195	205311	41408	186908	76419
plane	img03	3.0	ctrl	6(trunk with CFP)(from 0227)	6(trunk with CFP)(from 0227).czi	3.0	249655	50051	0.20048066331537523	9255	35265	2120	3411	11367	35265	10595	39456	0.18491139038181056	0.7045813270464126	0.04235679606801063	0.06815048650376616	0.2271083494835268	0.7045813270464126	0.21168408223611915	0.7883159177638809	0.06330520659685135	0.10177773982286453	0.10055958479642868	0.033370688586413774	0.16174148805850738	0.1860027112672835	0.0604989708352125	donor_adjacent_component	full_mask_intensity_seed_partition	full_mask_intensity_seed_partition	1.15	80.0	50105	38959	38722	207573	42082	186665	76953
file	img01	1.0	ctrl	1(z4)(trunk with CFP)(from 260227)	1(z4)(trunk with CFP)(from 260227).czi		2308964	589075	0.2551252423164675	127507	415088	38287	8193	160512	415088	130226	458849	0.21645291346602724	0.7046437210881467	0.06499511946696092	0.013908245978865169	0.2724814327547426	0.7046437210881467	0.22106862453847134	0.7789313754615287	0.06398033019569185	0.12793796675072777	0.11678019993835026	0.033370688586413774	0.16174148805850738	0.1860027112672835	0.06049897083521251						591693	467447	467024	1825284	483680	1710414	877256
file	img02	2.0	ctrl	2(z1)(trunk with CFP)(from 260227)	2(z1)(trunk with CFP)(from 260227).czi		866796	221540	0.2555849357865057	36731	153545	20516	10748	55679	153545	39214	182326	0.16579850139929583	0.6930802563871085	0.09260630134512955	0.048514940868466194	0.25132707411754085	0.6930802563871085	0.17700640967771056	0.8229935903222895	0.08457258840401967	0.11543299506107967	0.11259667823712032	0.033370688586413774	0.16174148805850738	0.1860027112672835	0.0604989708352125						228550	174853	174336	680012	186784	628859	339832
file	img03	3.0	ctrl	6(trunk with CFP)(from 0227)	6(trunk with CFP)(from 0227).czi		987368	195467	0.19796772834444706	39519	136283	8864	10801	48261	136283	42741	152726	0.2021773496293492	0.6972174331217034	0.045347808069904384	0.05525740917904301	0.24690101142392323	0.6972174331217034	0.21866095044176254	0.7813390495582374	0.06464272178709507	0.10738096944987774	0.10242974571883678	0.033370688586413774	0.16174148805850738	0.1860027112672835	0.0604989708352125						195588	149785	149230	822819	164549	757057	304234
file	img04	4.0	BMPR1A_KD	1(z3)	1(z3).tif		2701169	430091	0.15922402485738582	3435	368866	1952	55838	5387	368866	6094	423997	0.007986681888251556	0.8576464050631145	0.004538574394721117	0.12982833865391277	0.012525256282972673	0.8576464050631145	0.014169094447454143	0.9858309055525458	0.08210908011956648	0.1387853134762157	0.15628756718202072	0.047654050764041035	0.36751403810044875	0.42264114381551593	0.0882044644044784						436074	401989	395338	2227257	473912	2087055	916434
file	img05	5.0	BMPR1A_KD	2(z3)	2(z3).tif		2728446	536409	0.19659872322926678	24535	466285	41553	4036	63635	466285	24613	511796	0.04573935187515497	0.8692713955209551	0.07746514320229526	0.007524109401594679	0.11863149201448894	0.8692713955209551	0.04588476330561195	0.954115236694388	0.1123923420906067	0.21243168264627457	0.24501285552978516	0.047654050764041035	0.36751403810044875	0.422641143815516	0.0882044644044784						560878	517355	517180	2201555	526891	2108784	971348
file	img06	6.0	BMPR1A_KD	3(z5)	3(z5).tif		2533119	467027	0.18436836169165366	6689	442241	11679	6418	18303	442241	7828	459199	0.014322512402923171	0.9469281219287108	0.025007119502726823	0.013742246165639245	0.03919045365685496	0.9469281219287108	0.016761343562577753	0.9832386564374223	0.09107920444673961	0.15289638770951164	0.20121229026052687	0.04765405076404103	0.3675140381004487	0.422641143815516	0.08820446440447842						491981	493223	493996	2015278	517841	1952615	928724
file	img07	7.0	LDN	2(z6)(from 260227 50N)	2(z6)(from 260227 50N).tif		2581028	529247	0.20505279291817058	7367	370024	146009	5847	101074	370038	7819	521428	0.013919776588247076	0.6991518138033848	0.2758806379629927	0.01104777164537541	0.1909769918393491	0.6991782664804902	0.014773820163364176	0.9852261798366359	0.13480390906333922	0.19123991280794145	0.19505573511123658	0.05669666046932157	0.20890390871074865	0.24023949501736092	0.05697367006834246						529607	527580	526668	2043485	537543	1973464	900230
file	img08	8.0	LDN	3(z2)(from 260223 200N)	3(z2)(from 260223 200N).tif		1788532	627782	0.3510040636678572	4287	342075	467	280953	4753	342075	8798	618984	0.006828803629285325	0.5448945653108882	0.0007438888021638084	0.4475327422576627	0.007571099521808526	0.5448945653108882	0.014014419018066781	0.9859855809819332	0.09999445080757141	0.09645116991466945	0.06299020763900545	0.05669666046932157	0.20890390871074865	0.24023949501736094	0.05697367006834247						628507	525728	510727	938924	849608	745119	1072551
file	img09	9.0	LDN	4(z6)(from 260223 200N)	4(z6)(from 260223 200N).tif		1562427	505457	0.3235075942748045	3089	400391	14243	87734	17190	400391	4731	500726	0.00611130125806943	0.7921366209192869	0.028178460284455455	0.1735736175381882	0.034008827654973615	0.7921366209192869	0.009359846633838289	0.9906401533661617	0.12419610387749142	0.11166375627120335	0.08257257607248095	0.05669666046932157	0.20890390871074865	0.24023949501736094	0.05697367006834247						505704	440001	449171	1001697	560730	863472	961447
condition			BMPR1A_KD		BMPR1A_KD_all_files		7962734	1433527	0.18002949740629287	34659	1277392	55184	66292	87325	1277392	38535	1394992	0.02417743090991659	0.8910833210675487	0.038495263779475375	0.046243984243059255	0.06091618783601564	0.8910833210675487	0.026881251626233758	0.9731187483737662	0.09489453807473183	0.16756742546955744	0.19934008022149405	0.047654050764041035	0.36751403810044875	0.4226411438155161	0.08820446440447845						1488933	1412567	1406514	6444090	1518644	6148454	2816506
condition			LDN		LDN_all_files		5931987	1662486	0.2802578630061057	14743	1112490	160719	374534	123017	1112504	21348	1641138	0.008868044603082373	0.6691725524305167	0.09667389680274	0.22528550616366091	0.07399581109254454	0.669180973554063	0.01284101039046344	0.9871589896095365	0.12020550295710564	0.1351940522768668	0.11645080016127654	0.05669666046932157	0.20890390871074865	0.24023949501736097	0.056973670068342475						1663818	1493309	1486566	3984106	1947881	3582055	2934228
condition			ctrl		ctrl_all_files		4163128	1006082	0.24166492118426336	203757	704916	67667	29742	264452	704916	212181	793901	0.20252524148131068	0.7006546186096163	0.06725793722579274	0.02956220268328029	0.26285332607083717	0.7006546186096163	0.21089831643941548	0.7891016835605845	0.06800697650760412	0.12045403523370624	0.11240817606449127	0.033370688586413774	0.16174148805850738	0.1860027112672835	0.0604989708352125						1015831	792085	790590	3328115	835013	3096330	1521322
global			all_conditions		all_files		18057849	4102095	0.2271640991128013	253159	3094798	283570	470568	474794	3094812	272064	3830031	0.061714562924554406	0.7544432783736116	0.06912809186525422	0.11471406683657985	0.11574427213411684	0.7544466912638542	0.06632318364152952	0.9336768163584704	0.0986581330967916	0.1451313620483553	0.14918048146205978	0.0479872842357413	0.2630080323763587	0.30245923723281243	0.07039703010015326						4168582	3697961	3683670	13756311	4301538	12826839	7272056
